:040000000CEF00F011
:10000800E9CF41F0EACF42F0F3CF43F0F2EF25F029
:1000180001EE30F05E0EF66E000EF76E10EE1AF07E
:1000280026EC00F000EE00F0210EEE6AE806FDE195
:1000380000EE60F0D00EEE6AE806FDE1000EF86E04
:10004800C1EF14F00900F5CFEEFFE550E150FAE1F9
:10005800E250F8E112003B013B013B013B013B014F
:100068003B013B013B013B013B013B01F900F9002E
:100078003BEF06F07C6B956B966B8F6BF86BF96BAF
:100088007A4B7B2B5F0E00017A5D010E7B591CE3D6
:10009800010E1E6E7A6B7B6BB26B1A6ACAEC36F075
:1000A8000001E86BE96B936B010E0101266F70ECA0
:1000B80034F07FC08DF080C08EF00001B66BB76B56
:1000C800B86BB96B92991200FA0E7A5D000E7B59E3
:1000D80002E335EF31F0330E7A5D000E7B5921E3F0
:1000E800340E7A5D000E7B5910E21E0E0101236169
:1000F80007D000017A6B7B6B8B940101236B120094
:10010800ACEC1CF08B848B868A820FEC37F06DEC9C
:1001180031F03F0EF4EC0BF002E389961200898669
:10012800120081503C0B380A03E10101232B120015
:100138000101236B1200D76B01010E6B0F6B8A92C2
:1001480000018F6BB66BB76BB86BB96B92997C512A
:10015800D8A412009305D8B412001A50380A03E143
:1001680088C01EF012001A50340AD8A41200040ED7
:100178001E6E1FC010F020C011F0040C1FC010F03C
:1001880020C011F0956B966B8F6B020E886F9305EC
:10019800D8B412001A50380A03E1050E1E6E050C79
:1001A8001A50B40AD8A41200040E1E6E1FC010F014
:1001B80020C011F01D50D8A415EC32F012008F6742
:1001C8002AD01FC010F020C011F07A4B7B2B330EC1
:1001D800F4EC0BF001E2B2D07A6B7B6B954B962B6B
:1001E8003C0E98EC0BF02BEC36F093EC0BF001E2A4
:1001F800A5D0D76B01010E6B0F6B0001D76B9299DD
:10020800C56BC66B010E976FAD6BAE6B956B966B3E
:10021800010E8F6F93D08F0501E090D01BC010F0B6
:100228001CC011F07F518D5D80518E591DE28D519A
:100238007F5D266E8E518059276E76EC35F026C08C
:1002480026F027C027F028C028F089C029F08AC0E6
:100258002AF08BC02BF06CEC28F026C0A8F027C041
:10026800A9F028C0AAF003D0A86BA96BAA6BA8C0F4
:1002780026F0A9C027F0AAC028F0C9EC2EF026C0A5
:100288007DF027C07EF097052DE1AD4BAE2B0D0E0E
:100298000001AD5D000EAE5920E38A924B0EAD5DB4
:1002A800000EAE591BE310C023F011C024F083ECFC
:1002B8002EF010C021F011C022F0A1512126A25128
:1002C80022227D51215C7E51225804E3020E976F51
:1002D8007A6B7B6BAD6BAE6B01D08A820001D76BFA
:1002E80092992CD0AD4BAE2BF40E0001AD5D010EF2
:1002F800AE5924E3976B7A4B7B2B330E7A5D000E55
:100308007B5918E37A6B7B6B954B962B3C0E73EC01
:100318000BF02BEC36F093EC0BF00CE3D76B0101F0
:100328000E6B0F6B0001956B966B8F6B1FC010F0F7
:1003380020C011F0F30EAD6F010EAE6F030E886F83
:100348009305D8B412001A50380A08E18F6B7A6BFB
:100358007B6B956B966B050E1E6E050C1A50B40AD6
:10036800D8A41200040E1E6E1FC010F020C011F099
:100378001D50D8A415EC32F012008F671BD01FC097
:1003880010F020C011F07A4B7B2B330EF4EC0BF0FD
:1003980030E37A6B7B6B954B962B3C0E98EC0BF00D
:1003A8002BEC36F093EC0BF024E3956B966B010E77
:1003B8008F6F1FD08F051DE11BC010F01CC011F0FE
:1003C8007A4B7B2B330EF4EC0BF013E37A6B7B6BDD
:1003D800954B962B3C0E73EC0BF02BEC36F093EC14
:1003E8000BF007E3956B966B8F6B1FC010F020C066
:1003F80011F00A0E886F9305D8B4120001012A5132
:10040800040AD8B412001A50380A03E1050E1E6E09
:10041800050C1A50B40AD8A41200040E1E6E1FC090
:1004280010F020C011F0040CD76B01010E6B0F6B9C
:100438008B9E00018F6B9305D8B412001A50380AAE
:1004480003E188C01EF014D01A50B40A0BE1040E60
:100458001E6E1FC010F020C011F01D5009E015ECF1
:1004680032F006D01A50040A03E1FF0E01011F1FE3
:100478000001B66BB76BB86BB96B9299976B1200AA
:10048800B66BB76BB86BB96B929981675BD0D06765
:100498001AD0020EA06F1A50340A05E1010ED06F6F
:1004A800030EA06F030C1A502C0A05E1010ED06F41
:1004B800030EA06F030C1A50380AD8A41200010EBC
:1004C800816F70EF34F0D0051DE1030EA06F1A5054
:1004D800340A04E1D06B020EA06F020C1A502C0AE9
:1004E80004E1D06B020EA06F020C1A50380AD8A48F
:1004F8001200010E816F70EC34F01D50D8A4DDECB1
:1005080031F01200D051020AD8A412000A0EA06FCE
:100518001A50340A0AE1D06B800EBDEC0AF093EC55
:100528002FF0020E0001A06F020C1A502C0AC3E132
:10053800010ED06F800EBDEC0AF093EC2FF0030E85
:100548000001B7D7810501E0D8D0A051020A73E1B4
:100558001A50340A12E1050E1026000E1122C90E97
:10056800105C000E115803E3140E106E116A800E11
:1005780097EC0AF093EC2FF0B4D01A502C0A12E141
:10058800FB0E1026FF0E1122140E105C000E1158DF
:1005980003E2C80E106E116A800E97EC0AF093EC15
:1005A8002FF09FD01A50AC0A1AE1150E8C2B0001BF
:1005B8008C6101D0150C8C6B190E105C000E115853
:1005C80004E2C80E106E116A04D0FB0E1026FF0E4E
:1005D8001122800E97EC0AF093EC2FF082D01A507B
:1005E800B40A1AE1150E8C2B00018C6101D0150C90
:1005F8008C6BC40E105C000E115804E3140E106EC0
:10060800116A04D0050E1026000E1122800E97ECF8
:100618000AF093EC2FF065D01A50380A62E1816B2A
:10062800A0C088F0050E1E6E70EC34F01D5059E025
:10063800DDEC31F056D01A50340A0AE1050E1026C6
:10064800000E1122C90E105C000E11584AE332D078
:100658001A502C0A0DE1FB0E1026FF0E1122140E63
:10066800105C000E11583DE2C80E106E116A39D0A8
:100678001A50AC0A10E1150E8C2B00018C6101D0C8
:10068800150C8C6B190E105C000E1158EDE3FB0E67
:100698001026FF0E14D01A50B40A13E1150E8C2B35
:1006A80000018C6101D0150C8C6BC40E105C000E1F
:1006B800115802E3140ED9D7050E1026000E112288
:1006C80010D01A50380A0DE1A051030A02E1020EB7
:1006D80001D0030E816F70EC34F01D50D8A4DDEC0E
:1006E80031F00A0E21EC0AF003E2F60E1BEC0AF0D8
:1006F80010C01FF011C020F012008151020A79E1E8
:100708001A50340A0CE1050E1B26000E1C22650E39
:100718001B5C000E1C5839E31B6A1C6A36D01A5041
:100728002C0A09E1050E1B5C000E1C5813E2F60E9C
:100738001BEC0AF013D01A50AC0A19E1150E8C2BD9
:1007480000018C6101D0150C8C6B050E1B5C000E32
:100758001C58EDE3FB0E1B26FF0E1C220A0E1B5C29
:10076800000E1C582DE2FB0E1BEC0AF029D01A5083
:10077800B40A19E1150E8C2B00018C6101D0150CFF
:100788008C6B050E1B26000E1C22F60E1024216E03
:10079800FF0E1120226E1B50215C1C50225810E2C3
:1007A8001B6A1C6A0DD01A50380A0AE11D5003E072
:1007B8004DEC32F002D070EC34F0030E0001816F82
:1007C8000A0E21EC0AF003E2F60E1BEC0AF0650EA5
:1007D8001B5C000E1C5803E3640E1B6E1C6A0A0E99
:1007E8001B5C000E1C58D8B012000A0E1B6E1C6A47
:1007F800000C8151030A58E11A50340A0CE1744B79
:10080800752B00017451640A7511D8A41200010EE9
:10081800746F756B000C1A502C0A0CE17407D8A081
:100828007507000175517411D8A41200630E746F16
:10083800756B000C1A50AC0A15E1150E8C2B0001D3
:100848008C6101D0150C8C6B0A0E745D000E755905
:1008580004E2630E746F756B000CFB0E7427FF0EB9
:100868007523FF0C1A50B40A15E1150E8C2B0001E4
:100878008C6101D0150C8C6B5A0E745D000E755985
:1008880004E3010E746F756B000C050E7427000EDF
:100898007523000C1A50380AD8A41200040E816F70
:1008A8001D66040C70EF34F08151040A61E11A509E
:1008B800340A0CE1764B772B00017651640A7711E4
:1008C800D8A41200010E766F776B000C1A502C0A10
:1008D8000CE17607D8A07707000177517611D8A4E4
:1008E8001200630E766F776B000C1A50AC0A15E194
:1008F800150E8C2B00018C6101D0150C8C6B0A0E27
:10090800765D000E775904E2630E766F776B000C04
:10091800FB0E7627FF0E7723FF0C1A50B40A15E159
:10092800150E8C2B00018C6101D0150C8C6B5A0EA6
:10093800765D000E775904E3010E766F776B000C35
:10094800050E7627000E7723000C1A50380AD8A413
:100958001200816BA0C088F0050E1E6E7A6B7B6B4F
:10096800C36BC46BFE6BFF6B956B966B8F6B120042
:100978008151050AD8A412001A50340A04E1010171
:10098800084B092B17D01A502C0A05E1010108075A
:10099800D8A009070FD01A50AC0A11E1150E8C2BFC
:1009A80000018C6101D0150C8C6B0101F60E082733
:1009B800FF0E0923800E97EC0AF093EF2FF01A50E0
:1009C800B40A0CE1150E8C2B00018C6101D0150CBA
:1009D8008C6B0A0E01010827000EEBD71A50380A53
:1009E800D8A41200816B896B300E8A6F400E8B6F12
:1009F800050E1E6E050C1A50380A03E1050E1E6E10
:100A080017D01A50340A06E11D2A060E1D6410D0AC
:100A18001D6E0ED01A502C0A06E11D06010E1D602F
:100A280007D01D6A05D01A50980AD8B48DEC30F05A
:100A38001D5010E0010A33E0030A56E0010A79E08C
:100A4800070A01E19BD0010A01E1BDD0030A01E1D7
:100A5800E4D01200350E236E000E246A25EC33F024
:100A6800350E236E246A020ED6EC33F0350E236E53
:100A7800246A040ED6EC33F0350E236E246A060E73
:100A8800D6EC33F07A0E236E000E246AD6EC33F0DF
:100A98007A0E236E246A020ED6EC33F0B8D0350EE7
:100AA800236E000E246AD6EC33F0350E236E246ACA
:100AB800020E25EC33F0350E236E246A040ED6ECB4
:100AC80033F0350E236E246A060ED6EC33F07A0E18
:100AD800236E000E246AD6EC33F07A0E236E246A55
:100AE800020ED6EC33F093D0350E236E000E246A36
:100AF800D6EC33F0350E236E246A020ED6EC33F0B2
:100B0800350E236E246A040E25EC33F0350E236E61
:100B1800246A060ED6EC33F07A0E236E000E246A91
:100B2800D6EC33F07A0E236E246A020ED6EC33F03C
:100B38006ED0350E236E000E246AD6EC33F0350ED7
:100B4800236E246A020ED6EC33F0350E236E246A27
:100B5800040ED6EC33F0350E236E246A060E25EC0F
:100B680033F07A0E236E000E246AD6EC33F07A0E38
:100B7800236E246A020ED6EC33F049D0350E236E6C
:100B8800000E246AD6EC33F0350E236E246A020E6A
:100B9800D6EC33F0350E236E246A040ED6EC33F00F
:100BA800350E236E246A060ED6EC33F07A0E236EC9
:100BB800000E246A25EC33F07A0E236E246A020EA6
:100BC800D6EC33F024D0350E236E000E246AD6EC12
:100BD80033F0350E236E246A020ED6EC33F0350E50
:100BE800236E246A040ED6EC33F0350E236E246A85
:100BF800060ED6EC33F07A0E236E000E246AD6EC7D
:100C080033F07A0E236E246A020E25EC33F07A0E46
:100C1800236E246A040ED6EF33F0350E236E000ED1
:100C2800246AD6EC33F0350E236E246A020ED6EC15
:100C380033F0350E236E246A040ED6EC33F0350EED
:100C4800236E246A060ED6EC33F07A0E236E000E5D
:100C5800246AD6EC33F07A0E236E246A020ED6ECA0
:100C680033F07A0E236E246A040E25EF33F01E50FB
:100C780002E13EEF00F0010A02E19FEF00F0030AF3
:100C880002E1C2EF00F0010A02E1E3EF00F0070A17
:100C980002E144EF02F0010A02E118EF02F0030A50
:100CA80002E19EEF00F0010A02E19EEF00F00F0A58
:100CB80002E19EEF00F0010A01E19DD6030A02E17C
:100CC800C1EF01F0120054C0E9FF55C0EAFFEC5231
:100CD800EC52D890ED32ED32EF32120051C051F0A3
:100CE80052C052F00A0E536E000E546A1200536E30
:100CF800000E546A4FC051F050C052F01200536EAB
:100D0800000E546A4DC051F04EC052F01200476AAE
:100D1800486A496A4A6A12004A5050264B50512282
:100D28004C505222120050C047F051C048F052C0F7
:100D380049F012003F6E406A000E402212002B6AF2
:100D48002B50800A2C6E28502A5C2950800A2C5877
:100D58001200F66EF76AFE0EF7220800F5503F6E95
:100D6800406A1200F3243F6E406A000E40221200CF
:100D780027243F6E406A000E402212002A242C6E5F
:100D8800000E2B202D6E2C50F35C2D50F4581200C1
:100D980051C047F052C048F053C049F0120029240E
:100DA8003F6E406A000E40221200D9243F6E406A0E
:100DB800000E4022120028242A6E000E29202B6ED5
:100DC8002A50F35C2B50F458120027243F6E406AD7
:100DD800000E40221200D9243F6E406A000E4022C5
:100DE800120028242A6E000E29202B6E2A50F35C4C
:100DF8002B50F4581200F324F66EF76AFC0EF72213
:100E08000800F5503F6E406A1200D9243F6E406AD0
:100E1800000E4022120027243F6E406A000E402236
:100E28001200D9243F6E406A000E40221200F324BB
:100E38003F6E406A000E40221200080F316E2EC02D
:100E480030F02D501200326E000E336A29C030F097
:100E58002AC031F01200F3242B6E000EF4202C6E01
:100E68002B50295C2C502A581200D9243F6E406A16
:100E7800000E4022120028243F6E406A000E4022D5
:100E8800120028242A6E000E29202B6E2A50F35CAB
:100E98002B50F4581200F324F66EF76AFE0EF72270
:100EA8000800F5503F6E406A1200D9243F6E406A30
:100EB800000E4022120027243F6E406A000E402296
:100EC8001200306E2F6A080E2E6E060E1200396A56
:100ED8003950800A3A6E3650385C3750800A3A5892
:100EE8001200306E2F6A060E2E6E040E1200306E3F
:100EF8002F6A040E2E6E020E12002F6E2AC02EF0DC
:100F080029C02CF02D6A1200D9243F6E406A000EC9
:100F18004022120032243F6E406A000E4022120026
:100F2800326E000E336A78C030F079C031F01200AA
:100F3800080F2F6E2CC02EF02B501200356A35503A
:100F4800800A366E3250345C3350800A36581200AC
:100F5800326E000E336A27C030F028C031F012001C
:100F6800F3243F6E406A000E40221200E1243F6ED7
:100F7800406A000E40221200640E326E000E336A80
:100F88001200326E030E336E9EC030F09FC031F0F7
:100F98001200A00E226E000E236A246A1200F420AA
:100FA800346E3150335C3250345812003124F66EAE
:100FB800C60E3220F76E0800F5503F6E406A1200E8
:100FC800F324316E000EF420326E12002E243F6E90
:100FD800406A000E40221200E1243F6E406A000E73
:100FE800402212000001CC5D000ECD5912002A24C7
:100FF8002C6E000E2B202D6E2C50F35C2D50F458C7
:101008001200F324F66EF76AFC0EF7220800F5507A
:101018003F6E406A1200D9243F6E406A000E40229B
:10102800120029243F6E406A000E40221200F4206C
:10103800346E3150335C3250345812003124F66E1D
:10104800C60E3220F76E0800F5503F6E406A120057
:10105800F324316E000EF420326E12009DC02AF087
:10106800250E286E000E12002E243F6E406A000ED8
:1010780040221200E1243F6E406A000E4022120016
:1010880029C0F7FF0800F550120036C030F037C00D
:1010980031F00A0E326E000E336A1200386E000EFE
:1010A800396AF3CF36F0F4CF37F01200326E000E03
:1010B800336A23C030F024C031F0120029C0F7FF92
:1010C8000800F5501200266A276A286A296A120061
:1010D8002A242C6E000E2B202D6E2C50F35C2D50E4
:1010E800F4581200F324F66EF76AFA0EF722080095
:1010F800F5503F6E406A1200D9243F6E406A000ED8
:101108004022120029243F6E406A000E402212003D
:101118002A242C6E000E2B202D6E2C50F35C2D50A3
:10112800F4581200F324F66EF76AFB0EF722080053
:10113800F5503F6E406A1200D9243F6E406A000E97
:101148004022120029243F6E406A000E40221200FD
:10115800356A3550800A366E3250345C3350800A16
:1011680036581200E1243F6E406A000E40221200F9
:10117800F4243F6E406A000E402212002324256E9C
:10118800000E2420266E2550F35C2650F4581200D9
:1011980022243F6E406A000E40221200D9243F6E7E
:1011A800406A000E402212003B203D6EF3503C5C2A
:1011B800F4503D581200F324F66EC60EF420F76E74
:1011C8000800F5503F6E406A1200F324F66EC60E12
:1011D800F420F76E0800F5CF3CF03CC03DF03E6AC5
:1011E8003D1C3F6E3E1C406E12003A24F36E000E0A
:1011F8003B20F46E120034243F6E000E3520406E02
:10120800120032243F6E000E3320406E120030C0B0
:1012180026F031C027F032C028F012002A242C6EA4
:10122800000E2B202D6E2C50F35C2D50F45812001C
:10123800F324F66EF76AFA0EF7220800F5503F6EAF
:10124800406A1200D9243F6E406A000E4022120004
:1012580029243F6E406A000E402212002A242C6E78
:10126800000E2B202D6E2C50F35C2D50F4581200DC
:10127800F324F66EF76AFB0EF7220800F5503F6E6E
:10128800406A1200D9243F6E406A000E40221200C4
:1012980029243F6E406A000E4022120029C0F7FF41
:1012A8000800F5501200D9243F6E406A000E402213
:1012B8001200F3243F6E406A000E402212002324DD
:1012C800256E000E2420266E2550F35C2650F45817
:1012D800120022243F6E406A000E40221200D924D8
:1012E8003F6E406A000E402212002F243F6E406A73
:1012F800000E402212002324256E000E2420266EA4
:101308002550F35C2650F458120022243F6E406AA0
:10131800000E40221200D9243F6E406A000E40227F
:1013280012003124F66EF60E3220F76E0800F550E2
:101338003F6E406A1200E1243F6E406A000E402270
:1013480012000E0EF324336E000EF420346E335068
:10135800315C345032581200F324316E000EF42000
:10136800326E1200070EF324336E000EF420346E32
:101378003350315C3450325812003124F66EF40E7A
:101388003220F76E0800F5503F6E406A1200302494
:101398003F6E406A000E40221200E9243F6E406A08
:1013A800000E40221200F324366EFF0EF420376E32
:1013B8001200D9243F6E406A000E402212003224E7
:1013C800F36E000E3320F46E12003F6E406A000E7A
:1013D800402212003F6E406A000E40221200232471
:1013E800256E000E2420266E2550F35C2650F458F6
:1013F80012003224346E000E3320356E3450F35C04
:101408003550F4581200F324F66EF00EF420F76EFF
:101418000800F5503F6E406A12003F6E406A000EA9
:10142800402212003F6E406A000E40221200102433
:101438001B6EFF0E11201C6E12001B24216E000E65
:101448001C20226E2150105C2250115812002E6E62
:10145800040E2D6E6D0E1200060F316E2EC030F088
:101468002D5012007851265C795127581200326E9F
:10147800000E336A29C030F02AC031F01200336AF6
:101488003350800A346E3050325C3150800A345800
:101498001200F66EF76AF80EF7220800F5503F6E54
:1014A800406A1200F66EF76AF80EF7220800F5CFC8
:1014B80030F030C031F0326A311C3F6E321C406E61
:1014C8001200F3243F6E406A000E40221200E1240D
:1014D8003F6E406A000E4022120028242A6E000E39
:1014E80029202B6E2A50F35C2B50F4581200F32459
:1014F800F66EF76AFC0EF7220800F5503F6E406A58
:101508001200D9243F6E406A000E402212002724A0
:101518003F6E406A000E402212003024F36E000E27
:101528003120F46E1200306E2F6A060E2E6E040EF5
:1015380012003024326E000E3120336E3250F35CCC
:101548003350F4581200F324F66EF30EF420F76EBD
:101558000800F5503F6E406A1200D9243F6E406A79
:10156800000E40221200E9243F6E406A000E40221D
:101578001200306E2F6A020E2E6E000E1200282402
:101588002A6E000E29202B6E2A50F35C2B50F4583B
:10159800120027243F6E406A000E40221200D92410
:1015A8003F6E406A000E4022120077C028F04B0EB2
:1015B800266E040E12002B6E020E2A6EF20E286E94
:1015C800FF0E296E120075C028F04B0E266E020E13
:1015D80012002B6E040E2A6EB60E286EFF0E296EB0
:1015E80012002B6E020E2A6EC00E286EFF0E296E98
:1015F80012002E6E040E2D6E670E12002F6A2F50E9
:10160800800A306E2C502E5C2D50800A3058120003
:101618002A243F6E406A000E40221200D9243F6EF1
:10162800406A000E402212002E6E040E2D6E480EE7
:1016380012002E6E040E2D6E6D0E12002E6E020E0E
:101648002D6E670E12002E6E020E2D6E480E1200C1
:101658002A242C6E000E2B202D6E2C50F35C2D505E
:10166800F45812002E6E020E2D6E6D0E12001CC064
:1016780028F0490E266E040E120011C028F0490EFB
:10168800266E020E120029243F6E406A000E402288
:101698001200D9243F6E406A000E402212002B6EC1
:1016A800040E2A6EAB0E286EFF0E296E12002B6EEA
:1016B800020E2A6E950E286EFF0E296E12002B6EF2
:1016C800040E2A6E9E0E286EFF0E296E12002B6ED7
:1016D800020E2A6E9E0E286EFF0E296E1200386EBC
:1016E800000E396A76C036F077C037F012002B6EDC
:1016F8002A6AD40E286EFF0E296E1200D9243F6E76
:10170800406A000E40221200F3243F6E406A000E29
:1017180040221200700E286EFF0E296E12003650FD
:10172800955D375096591200386E000E396A74C0AC
:1017380036F075C037F01200306E2F6A080E2E6E24
:10174800060E1200306E2F6A060E2E6E040E120060
:10175800306E2F6A040E2E6E020E1200316E2CC0EF
:1017680030F02BC02EF02F6A120028242A6E000EAB
:1017780029202B6E2A50F35C2B50F4581200F324C6
:10178800F66EF76AF90EF7220800F5503F6E406AC8
:101798001200D9243F6E406A000E40221200326EB9
:1017A800000E336A78C030F079C031F01200272477
:1017B8003F6E406A000E4022120024502A2625500F
:1017C8002B2226502C2212002AC021F02BC022F0F6
:1017D8002CC023F012003F6E406A000E4022120017
:1017E80000017A5D000E7B5912003F6E406A000EC0
:1017F800402212003F6E406A000E40221200A00EE6
:10180800226E000E236A246A12002324256E000E1D
:101818002420266E2550F35C2650F458120022240A
:101828003F6E406A000E40221200D9243F6E406A83
:10183800000E4022120033C0E9FF34C0EAFFEC5228
:10184800EC52D890ED32ED32EF32120081674ED073
:10185800DA6730D0010EDA6F1D5003E015EC32F074
:1018680029D0460E266E000E69EC27F0050E2B6E69
:101878002A6AED0E286EFF0E296EFBEC34F0500E2E
:101888002B6E2A6AE60E286EFF0E296EFBEC34F0EA
:10189800080E2B6E020E2A6EA00E286EFF0E296E01
:1018A800FBEC34F0050E2B6E040E2A6E8EEC0BF05A
:1018B800FBEC34F00001A051020A0AE1740E266E16
:1018C800020EFDEC29F0740E266E040E26EF2CF0A5
:1018D800A051030AD8A41200740E266E040EFDEC63
:1018E80029F0740E266E020E26EF2CF0810578E1A1
:1018F80010C078F011C079F0A051020A18E1200E4A
:10190800286E030E56EC33F0300E266E040EA9EC4A
:101918001BF01D5006E04D0E266E010E4CEC2AF011
:101928004DD0240E7BEC0BF0FBEC34F047D01D506F
:1019380011E0DA6704D0010EDA6FDDEC31F03D0E0C
:101948006BEC0BF0FBEC34F03D0E63EC0BF0FBECB6
:1019580034F00FD0240E7BEC0BF0FBEC34F0060EC9
:101968005BEC0BF0FBEC34F0060E53EC0BF0FBECED
:1019780034F0010E0001986F10C027F041EC0BF015
:10198800D2EC24F00001986B1BC027F03BEC0BF065
:10199800D2EC24F0620E36EC0BF0AFEC12F0690ECC
:1019A80036EC0BF0AFEC12F0700E27EC0BF0AFEC4E
:1019B80012F0770E22EC0BF0AFEC12F00001986BEE
:1019C800620E1DEC0BF0AFEC12F0690E1DEC0BF083
:1019D800AFEC12F0700E18EC0BF0AFEC12F080D0F8
:1019E8008151020A01E081D0DA6B10C078F011C091
:1019F80079F0A051020A18E1200E286E030E56EC69
:101A080033F0300E266E040EA9EC1BF01D5006E0D4
:101A18004D0E266E010E4CEC2AF051D0240E7BECB4
:101A28000BF0FBEC34F04BD01D5015E0060ED22B1A
:101A38000001D26103D0DDEC31F002D0050ED26F87
:101A48003D0E6BEC0BF0FBEC34F03D0E63EC0BF051
:101A5800FBEC34F00FD0240E7BEC0BF0FBEC34F0F5
:101A6800060E5BEC0BF0FBEC34F0060E53EC0BF0BF
:101A7800FBEC34F010C027F041EC0BF0D2EC24F072
:101A8800010E0001986F1BC027F03BEC0BF0D2EC65
:101A980024F00001986B620E36EC0BF0AFEC12F0FC
:101AA800690E36EC0BF0AFEC12F0700E27EC0BF071
:101AB800AFEC12F0770E22EC0BF0AFEC12F0000155
:101AC800986B620E1DEC0BF0AFEC12F0690E1DEC7A
:101AD8000BF0AFEC12F0700E18EC0BF0AFEC12F04C
:101AE800770EFDEC0AF0AFEF12F08151030A35E1F1
:101AF8001D500BE0060ED22B0001D26103D04DEC35
:101B080032F014D0050ED26F11D0100E2B6E2A6A47
:101B18008EEC0BF0FBEC34F0060EF5EC0AF0FBEC67
:101B280034F0060EEDEC0AF0FBEC34F0010E000187
:101B3800986F74C027F0E7EC0AF0D2EC24F00001AB
:101B4800986B650EDFEC0AF0FBEC34F076C027F0FA
:101B5800D9EC0AF0D2EC24F03CD08151040A43E1DC
:101B6800DA6B1D500BE0060ED22B0001D26103D0B8
:101B78004DEC32F014D0050ED26F11D0100E2B6E32
:101B88002A6A8EEC0BF0FBEC34F0060EF5EC0AF04A
:101B9800FBEC34F0060EEDEC0AF0FBEC34F000013F
:101BA800986B74C027F0E7EC0AF0D2EC24F000013F
:101BB800986B650EDFEC0AF0FBEC34F0010E0001C7
:101BC800986F76C027F0D9EC0AF0D2EC24F0000127
:101BD800986B650E2B6E040E2A6EF20E286EFF0EA1
:101BE800296EFBEF34F08151050AD8A41200200EAB
:101BF800286E020E56EC33F01D5006E04D0E266E90
:101C0800000E4CEC2AF042D0180E2E6E2D6A530EA0
:101C1800AFEC12F01F0E2E6E2D6A650EAFEC12F0AF
:101C2800260E2E6E2D6A740EAFEC12F0300E2E6E4C
:101C38002D6A500EAFEC12F0370E2E6E2D6A720E12
:101C4800AFEC12F03E0E2E6E2D6A650EAFEC12F060
:101C5800450E2E6E2D6A730EAFEC12F04C0E2E6EE2
:101C68002D6A730EAFEC12F0530E2E6E2D6A750EA0
:101C7800AFEC12F05A0E2E6E2D6A720EAFEC12F007
:101C8800610E2E6E2D6A650EAFEC12F008C178F069
:101C980009C179F0640E105C000E115806E2300E8E
:101CA800266E040EA9EC1BF005D02E0E266E040E2F
:101CB800A9EC1BF05A0E1DEC0BF0AFEC12F0610E04
:101CC8001DEC0BF0AFEC12F0680E18EC0BF0AFEC5B
:101CD80012F06F0EFDEC0AF0AFEC12F00001986BF9
:101CE800120000017F518D5D80518E591DE28D518A
:101CF8007F5D266E8E518059276E76EC35F026C0B2
:101D080026F027C027F028C028F089C029F08AC00B
:101D18002AF08BC02BF06CEC28F026C021F027C0ED
:101D280022F028C023F003D0216A226A236A21C046
:101D380026F022C027F023C028F0C9EC2EF026C0D8
:101D480090F027C091F001011F6729D0FB0E1024E5
:101D5800246EFF0E1120256E24500001905D255041
:101D6800915905E310C090F011C091F018D0050EFC
:101D7800326E000E336A90C030F091C031F026EC1C
:101D880034F030C036F031C037F0060E386E000E31
:101D9800396A2BEC36F036C090F037C091F0050E5A
:101DA8000001905D000E915902E2906B916B1E50FC
:101DB80016E0010A15E0030A01E19BD0010A01E1DE
:101DC8009CD0070A01E124D1010A01E19AD0030A53
:101DD80006E0010A01E11ED10F0A01E12DD112002E
:101DE80001011B6720D0010E1B6F1D5003E0FDECA5
:101DF80030F019D0140E266E020E69EC27F0320E60
:101E08002B6E020E2A6EDD0E286EFF0E296EFBEC7D
:101E180034F00A0E2B6E040E2A6E270E286EFF0E63
:101E2800296EFBEC34F000018851020A110E2BE1F7
:101E3800286E000E4EEC23F01C0E286E000E81EC6E
:101E480033F010C029F011C02AF0220E286E000EBF
:101E580092EC25F0390E296E000E286A5BEC16F01C
:101E68003F0E296E000E286A5BEC16F0450E296EAF
:101E7800286A240E5BEC16F04B0E296E286A300E89
:101E88005BEC16F02AD0286E000ECAEC21F01C0E6E
:101E9800286E000E81EC33F010C029F011C02AF032
:101EA800210E286E000E92EC25F0390E296E000ED8
:101EB800286A5BEC16F03F0E296E000E286A5BEC70
:101EC80016F0450E296E286A240E5BEC16F04B0EB0
:101ED800296E286A300E5BEC16F0000193516C0EE7
:101EE80004E0266E060E2BEF22F0266E060E52EF49
:101EF80026F08FEC15F05AEF35F0BEEC13F05AEFE0
:101F080035F010C09CF011C09DF08851020A29E1FB
:101F1800110E286E000E4EEC23F01F0E286E000ED8
:101F280081EC33F09CC029F032EC08F092EC25F0FB
:101F3800390E296E000E286A5BEC16F03F0E296EEA
:101F4800000E286A5BEC16F0450E296E286A240EEE
:101F58005BEC16F04B0E296E286A300E5BEC16F01F
:101F68002BD08851030A28E1110E286E000ECAEC06
:101F780021F01F0E286E000E81EC33F09CC029F072
:101F880032EC08F092EC25F0390E296E000E286A22
:101F98005BEC16F03F0E296E000E286A5BEC16F01B
:101FA800450E296E286A240E5BEC16F04B0E296E3E
:101FB800286A300E5BEC16F05AEC35F00001A76782
:101FC80012001D500AE05C0E266E030E88EC2BF002
:101FD8002C0E266E060E5FEF29F0140E2B6E030EE4
:101FE8002A6E560E286EFF0E296EFBEC34F0040E96
:101FF8002D6E060E2C6E7C0E15EC1AF0100E2B6E44
:10200800060E2A6E2F0E286EFF0E296EDAEF34F0B8
:102018002AEF0CF094510F0B050A06E11D5002E05F
:10202800A5EF31F0C5EF30F070EC34F0AE0E3F6E36
:10203800000E406AF0EF36F01AEC1EF07CC0D8F0C3
:102048001200476A486A496A4A6A1150101012E138
:1020580014EC37F0104B112BEA0E0101105D030E42
:10206800115906E38A924C0E106F040E116F040C7E
:102078008A82120010C04DF011C04EF03CEC2EF0D8
:102088000101106B116B000192A704D08A908A920B
:1020980014EF37F0E4C04FF0E5C050F010C04DF039
:1020A80011C04EF0C7EC35F04DC047F04EC048F0B7
:1020B8007D51475C7E5148583AE3D76B01010E6B5E
:1020C8000F6B152B310E156504D0156B0001AB6B2A
:1020D800AC6B0101256B0001B66BB76BB86BB96BC4
:1020E8009299CF6707D1FA4BFB2B0B0EFA5D000EC6
:1020F800FB5901E2FFD0FA6BFB6B8F0503E19751A7
:10210800020AD8B48A92000192A10ED0E10E9A5D1B
:102118002E0E9B5905E314EC37F0010E1E6FEAD022
:1021280018EC37F01E6BE6D018EC37F0FBD710C070
:102138004BF011C04CF0A1514B26A2514C22040E79
:102148004B26000E4C224B507D5D4C507E5961E36E
:10215800AB4BAC2BE80EAB5D030EAC5904E3E80EB9
:10216800AB6F030EAC6F0A0E536E000E546A10C0AC
:1021780051F011C052F04BEC34F051C049F052C04C
:102188004AF0140E536E000E546A49C051F04AC00A
:1021980052F057EC36F051C049F052C04AF0150ED3
:1021A800495C000E4A5803E2140E496E4A6A900EC2
:1021B800495C010E4A5804E3900E496E010E4A6EBE
:1021C800AB51495CAC514A5805E214EC37F08B9E90
:1021D8000001DC6BF30E49244B6E010E4A204C6E55
:1021E800AB514B5CAC514C580EE2CF670CD0C34B93
:1021F800C42B01012F6B010E0001CF6FCE6BC76B93
:10220800C86BAB6BAC6BD76B01010E6B0F6B256B9F
:1022180071D092A107D0E10E9A5D2E0E9B59D8B0CD
:1022280014EC37F00001B62B000EB723B823B923FE
:10223800220EB65DBF0EB759020EB859000EB95935
:10224800D8B092890101252B310E256505D0156B73
:10225800256B0001AB6BAC6B01010E4B0F2BB80E5D
:102268000E5D0B0E0F5946E30001D751020DF350D6
:10227800E96EEA6A7DC0EEFF7EC0EDFFD72B070E40
:10228800D76535D000EE0EF0EE520150ED1800C0C3
:10229800E8FFD8B4EF180AE00E284B6E000E0F20A6
:1022A8004C6E011802E100504B1802E1928901D0EE
:1022B800929902C000F003C001F004C002F005C00A
:1022C80003F006C004F007C005F008C006F009C016
:1022D80007F00AC008F00BC009F00CC00AF00DC0E6
:1022E8000BF00EC00CF00FC00DF0070ED76F0101F8
:1022F8000E6B0F6B0001CF51D8A413EC30F0120015
:102308001E50070A1CE01E501AE00101026B036B05
:102318000001930501E1F7D01A50B80A01E0F3D0A3
:1023280001012605D8B41200010E266F0001DA6BF0
:1023380070EC34F0070E1E6E01012A6FE4D01E50B7
:10234800070A01E0E0D0000194510F0B050A01E1F2
:10235800DAD00101024B032B340E025D000E035943
:1023680001E2D1D08B9C8992216AA00E226E000EC8
:10237800236A246AF9EC36F01FC025F020C026F045
:10238800216ACDEC07F082EC36F074C025F075C0F8
:1023980026F0020E216ECDEC07F082EC36F076C006
:1023A80025F077C026F0040E216ECDEC07F082EC04
:1023B80036F0000188C025F0266A060E216ECDECA5
:1023C80007F082EC36F0246A7A0E256E440E266EEB
:1023D80089C021F08AC022F08BC023F05DEC2DF07B
:1023E80021C026F022C027F023C028F0C9EC2EF027
:1023F80026C09EF027C09FF0E80E326E030E336EA3
:102408009EC030F09FC031F026EC34F030C0E6F0CA
:1024180031C0E7F0E80EC5EC07F0ACEC35F030C0A1
:1024280030F031C031F0640E326E000E336A26ECA3
:1024380034F030C0E2F031C0E3F0E80EC5EC07F04C
:10244800ACEC35F0C0EC07F0ACEC35F030C030F057
:1024580031C031F00A0E326E000E336A26EC34F0C9
:1024680030C0DEF031C0DFF0E80EC5EC07F0ACECB0
:1024780035F0C0EC07F0ACEC35F00A0E326E000E09
:10248800336AACEC35F030C0E0F031C0E1F0E6C0C2
:1024980025F0E7C026F0080E216ECDEC07F082EC9F
:1024A80036F0E2C025F0E3C026F00A0E216ECDEC2E
:1024B80007F082EC36F0DEC025F0DFC026F00C0E07
:1024C800216ECDEC07F082EC36F0E0C025F0E1C0DB
:1024D80026F00E0E216ECDEC07F082EC36F01DC012
:1024E80025F0266A100E216ECDEC07F082EC36F04E
:1024F8001BC025F01CC026F0120E216ECDEC07F093
:1025080082EC36F08B941A50A40A04E10001936B14
:10251800E86BE96B1A50240A04E10001936BE86B3D
:10252800E96B000193670ED01E040CE101012767D7
:1025380009D01A50980A06E1010E276F090E1E6E7F
:1025480070EC34F01E5001012E19D8A470EC34F050
:102558001EC02EF11200E8CFE9FFE9CFF3FFF46ABD
:102568005B0EF35C000EF45854E30E0E386E396AB5
:102578009F0ED7EC09F02BEC36F036C0F3FF37C0CE
:10258800F4FF2D500608E96E2E507A08E16EE13806
:102598000F0B306EE1500F0BD96EB00ED1EC09F075
:1025A800F0EC36F0100ECBEC09F0F0EC36F0D9CFA9
:1025B8003FF0406AF0EC36F0F3CF31F0F4CF32F070
:1025C800B6EC09F008E2FC0EC1EC09F0E7EC36F0D5
:1025D800314A322AF5D7B10ED1EC09F0F0EC36F0D9
:1025E800100ECBEC09F0F0EC36F0D9CF3FF0406A92
:1025F800F0EC36F0070EB0EC09F0A5EC09F0D8B015
:102608001200FC0EC1EC09F0E7EC36F0314A322A30
:10261800F4D7290EF35C000EF45854E30E0E386E0E
:10262800396ABF0ED7EC09F02BEC36F036C0F3FF51
:1026380037C0F4FF2D500608E16E2E507A08E96E77
:10264800E9380F0B306EE9500F0BD96EB00E9FECC6
:1026580009F0F0EC36F0100ECBEC09F0F0EC36F0A7
:10266800D9CF3FF0406AF0EC36F0F3CF31F0F4CF39
:1026780032F0B6EC09F008E2680E95EC09F0E7ECE8
:1026880036F0314A322AF5D7B10E9FEC09F0F0EC5A
:1026980036F0100ECBEC09F0F0EC36F0D9CF3FF065
:1026A800406AF0EC36F0070EB0EC09F0A5EC09F042
:1026B800D8B01200680E95EC09F0E7EC36F0314A14
:1026C800322AF4D72D5006082F6E2E507A08D96E6C
:1026D800D9380F0BE96ED9500F0BE16EB00E79ECBB
:1026E80009F0F0EC36F0100ED1EC09F0F0EC36F011
:1026F800E1CF3FF0406AF0EC36F0F3CF31F0F4CFA1
:1027080032F0020EF324336E000EF420346E335090
:10271800315C3450325808E2000E3F6A406AE7ECF8
:1027280036F0314A322AEDD7B10E79EC09F0F0ECE7
:1027380036F0100ED1EC09F0F0EC36F0E1CF3FF0B6
:10274800406AF0EC36F0020EB0EC09F0040EF32407
:10275800336E000EF420346E3350315C34503258EE
:10276800D8B01200000E3F6A406AE7EC36F0314AF2
:10277800322AECD78F6705D010C09CF011C09DF0AD
:1027880004D01BC09CF01CC09DF0D8517C6301D0C4
:1027980002D070EC34F000017C67EAD0110E286E8C
:1027A800000ECAEC21F01F0E286E000E81EC33F0EB
:1027B8009CC029F09DC02AF0250E286E000E92ECD0
:1027C80025F0390E296E000E286A5BEC16F03F0ED4
:1027D800296E000E286A5BEC16F0450E296E286AF1
:1027E800240E5BEC16F04B0E296E286A300E5BEC5B
:1027F80016F074C029F075C02AF0500E286E020E2B
:1028080032EC25F06A0E2E6E020E2D6E6D0EAFECB8
:1028180012F0710E2E6E020E2D6E690EAFEC12F0D4
:10282800780E2E6E020E2D6E6E0EAFEC12F076C084
:1028380029F077C02AF0500E286E040E32EC25F0ED
:102848006A0E2E6E040E2D6E6D0EAFEC12F0710E28
:102858002E6E040E2D6E690EAFEC12F0780E2E6EF1
:10286800040E2D6E6E0EAFEC12F001010B2B330E21
:102878000B6505D00B6B90C0BCF091C0BDF000019A
:10288800BF4BC02B090EBF5D000EC0590CE3BF6BD8
:10289800C06BBCC028F0BDC029F0F4EC2DF028C0F6
:1028A800B3F029C0B4F08F05D8B4970532E0CA4B0D
:1028B800CB2B040E0001CA5D000ECB591AE3CA6B7C
:1028C800CB6B050E326E000E336AB3C030F0B4C065
:1028D80031F026EC34F030C036F031C037F0050E58
:1028E800386E000E396A2BEC36F036C078F037C0F7
:1028F80079F0050E1024266E000E1120276E265042
:10290800785D2750795917E310C078F011C079F035
:1029180012D0970510E1C651C51104E17DC078F0C9
:102928007EC079F0C54BC62B320EC55D000EC65968
:1029380002E3C56BC66B1E0E286E040E2DEC1CF050
:102948000C0E286E020E56EC33F01D5006E02D0ECC
:10295800286E060EAEEC29F00DD0020E2B6E060E78
:102968002A6E7D0E286EFF0E296EDAEC34F002D046
:102978001AEC1EF07CC0D8F0120009EC37F0040005
:10298800216A03EC0CF06DEC36F021C0EEF022C0A9
:10299800EFF0020E216E03EC0CF06DEC36F021C066
:1029A800F0F022C0F1F0040E216E03EC0CF06DEC97
:1029B80036F021C0ECF022C0EDF0060E216E03ECDB
:1029C8000CF06DEC36F021C0C1F022C0C2F0080E48
:1029D800216E03EC0CF06DEC36F021C0E6F022C05D
:1029E800E7F00A0E216E03EC0CF06DEC36F021C016
:1029F800E2F022C0E3F00C0E216E03EC0CF06DEC5B
:102A080036F021C0DEF022C0DFF00E0E216E03EC9E
:102A18000CF06DEC36F021C0E0F022C0E1F0100EB1
:102A2800216E03EC0CF06DEC36F021501D6E120E89
:102A3800216E03EC0CF06DEC36F021C01BF022C0C7
:102A48001CF015EC36F0AAEC36F01CEC37F0B7ECBD
:102A580034F0D4EC36F0C3EC27F0926B01011A6B1A
:102A680002EC37F079800101246BF28EF28C0400BD
:102A7800DEEC36F0000E0001896F300E8A6F400ED2
:102A88008B6F040001012251FCE0226B1E5004E010
:102A980088EC19F0FCEC35F000EC34F03CEC00F07C
:102AA80084EC11F075EC0EF01E6603D01E50080A77
:102AB80006E1ACEC33F0D4EC2FF005EC21F01E501D
:102AC80007E01E50070AD8A41E04D8A42BEC1DF05A
:102AD80001011A51F00B17E01667D3D70001D42B68
:102AE800320ED4650ED0010EDC6F630ED465C9D7E3
:102AF800010E0101166F8A900001D46B124A132A45
:102B0800C0D78A80BED70001DC6B0101166B8A90A2
:102B18000001D46BB6D710C09CF011C09DF0D851FD
:102B28007C6301D002D070EC34F000017C67BAD02D
:102B380051EC2FF0110E286E000E4EEC23F01F0EF4
:102B4800286E000E81EC33F09CC029F09DC02AF05D
:102B5800250E286E000E92EC25F0390E296E000E17
:102B6800286A5BEC16F03F0E296E000E286A5BECB3
:102B780016F0450E296E286A240E5BEC16F04B0EF3
:102B8800296E286A300E5BEC16F001010B2B330E10
:102B98000B6505D00B6B90C0BCF091C0BDF0000177
:102BA800BF4BC02B090EBF5D000EC0590CE3BF6BB5
:102BB800C06BBCC028F0BDC029F0F4EC2DF028C0D3
:102BC800B3F029C0B4F0CA4BCB2B040E0001CA5D88
:102BD800000ECB591AE3CA6BCB6B050E326E000E92
:102BE800336AB3C030F0B4C031F026EC34F030C0F2
:102BF80036F031C037F0050E386E000E396A2BEC0E
:102C080036F036C078F037C079F0050E1024266EFD
:102C1800000E1120276E36EC0AF00BE310C026F0E8
:102C280011C027F0A151265EA251275A36EC0AF0AE
:102C380004E210C078F011C079F01E0E286E040E60
:102C48002DEC1CF00C0E286E020E56EC33F04C0ED8
:102C58002BEC0AF0AFEC12F0530E2BEC0AF0AFECB1
:102C680012F05A0E2E6E040E2D6E480EAFEC12F0B6
:102C7800610E2E6E040E2D6E670EAFEC12F01D5015
:102C880006E02D0E286E060EAEEC29F00DD0020ED1
:102C98002B6E060E2A6E7D0E286EFF0E296EDAEC5C
:102CA80034F002D01AEC1EF07CC0D8F01200E8CF45
:102CB800E9FFE9CF2BF028500608D96E29507A0889
:102CC800E16EE1380F0B2A6EE1500F0BE96EB00E82
:102CD80012EC0BF0F0EC36F0100E0CEC0BF0F0EC04
:102CE80036F0E9CF3FF0406AF0EC36F02BC0E1FF58
:102CF8002BC02CF02D6A060E2C26000E2D22E1CFBB
:102D08002EF002EC0BF032E2D40EE124F66EF76AF4
:102D1800F70EF7220800F550F36EF46AE1CF2CF0B5
:102D28002D6A060E2C26000E2D22D40E2C24F66EAB
:102D3800F70E2D20F76E0800F5502F6E2E6A2E50D4
:102D4800F3122F50F412D890F432F332D890F432B0
:102D5800F332D890F432F332000EF46AF3CF3FF036
:102D6800F4CF40F0E7EC36F0E12AC2D7B10E12EC0E
:102D78000BF0F0EC36F0100E0CEC0BF0F0EC36F03B
:102D8800E9CF3FF0406AF0EC36F02B50060FD96ED1
:102D98002BC02CF02D6A0C0E2C26000E2D22D9CF1C
:102DA8002EF002EC0BF0D8B01200D40ED924F66E37
:102DB800F76AF70EF7220800F550F36EF46AFA0E78
:102DC800D9242C6E2D6AFF0E2D22D40E2C24F66EDB
:102DD800F70E2D20F76E0800F5CF2EF0F350F46EA5
:102DE8002E50F36ED890F432F332D890F432F33296
:102DF800D890F432F332F450F36EF46AF3CF3FF024
:102E0800F4CF40F0E7EC36F0D92AC2D7E8CFE9FF93
:102E1800E9500C0DF3CF33F030500608326E3150C4
:102E28007A08E16EE1380F0BD96EE1500F0BE96EAD
:102E3800B00E8EEC07F0F0EC36F0100E88EC07F0D0
:102E4800F0EC36F0E9CF3FF0406AF0EC36F033C0F2
:102E5800E1FF33C036F0376A060E3626000E3722F9
:102E6800E1CF38F06BEC07F02FE2700EE124F66E3C
:102E7800F76AF90EF7220800F550F36EF46AE1CF0D
:102E880036F0060E3626700E3624F66EF76AF90E00
:102E9800F7220800F550386E376A3750F312385069
:102EA800F412D890F336F436D890F336F436D89036
:102EB800F336F436000EF46AF3CF3FF0F4CF40F067
:102EC800E7EC36F0E12AC5D7B10E8EEC07F0F0EC4E
:102ED80036F0100E88EC07F0F0EC36F0E9CF3FF052
:102EE800406AF0EC36F03350060FD96E33C036F036
:102EF800376A0C0E3626000E3722D9CF38F06BEC25
:102F080007F0D8B01200700ED924F66EF76AF90EE1
:102F1800F7220800F550F36EF46AD9CF36F0FA0EAE
:102F28003626700E3624F66EF76AF90EF722080078
:102F3800F5CF37F0F350F46E3750F36ED890F33680
:102F4800F436D890F336F436D890F336F436F45095
:102F5800346E356A34C03FF035C040F0E7EC36F0E7
:102F6800D92AC4D7480E386E000E396A2EC036F0FA
:102F78002FC037F02BEC36F036C032F037C033F0C4
:102F880030500608D96E31507A08F36EF3380F0BBB
:102F9800E96EF3500F0BE16EB00ED92416EC0AF06F
:102FA800F0EC36F0100EE92416EC0AF0F0EC36F0EE
:102FB800E1CF3FF0406AF0EC36F032C0F3FF33C0A7
:102FC800F4FF120EFDEC09F008E26A0E07EC0AF0B5
:102FD800E7EC36F0F34AF42AF4D7B10ED924EEEC34
:102FE80009F0F0EC36F0100EE924EEEC09F0F0EC04
:102FF80036F0E1CF3FF0406AF0EC36F0120EE3EC29
:1030080009F0240EFDEC09F008E26A0E07EC0AF05C
:10301800E7EC36F0F34AF42AF4D7B20EDDEC09F007
:10302800F0EC36F0100EE9243F6E406A000E4022A4
:10303800F0EC36F0E1CF3FF0406AF0EC36F0240EC9
:10304800E3EC09F0360EFDEC09F008E26A0E07EC35
:103058000AF0E7EC36F0F34AF42AF4D7B30EDDECC5
:1030680009F0F0EC36F0100EE9243F6E406A000ECD
:103078004022F0EC36F0E1CF3FF0406AF0EC36F059
:10308800360EE3EC09F0480EFDEC09F0D8B012005A
:103098006A0E07EC0AF0E7EC36F0F34AF42AF3D7A5
:1030A80068EC21F07F518D5D80518E591DE28D5164
:1030B8007F5D476E8E518059486E91EC35F047C060
:1030C80047F048C048F049C049F089C04AF08AC072
:1030D8004BF08BC04CF01AEC28F047C0A8F048C061
:1030E800A9F049C0AAF003D0A86BA96BAA6BA8C025
:1030F80047F0A9C048F0AAC049F00DEC2FF047C02E
:103108007DF048C07EF0410E7D5D010E7E5904E3DE
:10311800400E7D6F010E7E6F10C047F011C048F061
:1031280091EC35F047C047F048C048F049C049F035
:103138004A6A480E4B6EC20E4C6EEFEC18F047C050
:1031480047F048C048F049C049F09A0E4A6E190E37
:103158004B6E3F0E4C6EC3EC2CF047C047F048C096
:1031680048F049C049F04A6A200E4B6E410E4C6E39
:10317800EFEC18F047C0A8F048C0A9F049C0AAF081
:10318800150E105C000E11580AE3460E105C000E76
:10319800115805E3640E105C000E115802E2040E8B
:1031A80008D0230E105C010E115802E2050E01D062
:1031B800060E01011D6F0A0E536E000E546A10C0F0
:1031C80051F011C052F04BEC34F051C045F052C0F0
:1031D80046F025EF10F0510E566E000E576E470E52
:1031E800546E000E556E85EC32F04F6E516607D066
:1031F8004AC047F04BC048F04CC049F01200500E8E
:10320800566E000E576E4A0E546E000E556E85ECC3
:1032180032F04D6E50506BE0060E4E6E50505160BD
:1032280022D05150505C526E190E525C08E3476A26
:10323800486A496A50C051F04DC04FF034D0D89018
:103248004A364B364C3650065050511808E04E2E30
:10325800F6D705D0D890493248324732512A5050D3
:103268005162F8D720D0515050181DE05050515C91
:10327800526E190E525C04E34A6A4B6A4C6A13D0C8
:10328800D89047364836493651065050511808E00C
:103298004E2EF6D705D0D8904C324B324A32502AAF
:1032A80050505162F8D74F5007E0471E481E491E3C
:1032B800472A000E482249224D5007E04A1E4B1E5D
:1032C8004C1E4A2A000E4B224C224F6A4A5047266F
:1032D8004B5048224C50492249AE09D0471E481E3F
:1032E800491E472A000E48224922010E4F6E51C03E
:1032F80056F0470E546E000E556ED4EC1FF04F502A
:1033080002E0800E491A120081503C0B0001BE6F8A
:10331800010121510001BE6361D0AF4BB02B060EF5
:10332800AF5D000EB0595DE3BE513C0A31E10101C9
:10333800266B276B00017C670ED0D9510CE19451A4
:103348000A0A09E00101044B052BDE0E045D050E97
:103358000559D8B08B9C0001E84BE92BCA0EE85DF3
:10336800AF0EE95902E3010E936FD1670ED0B25147
:1033780007E0B2C01AF001012B6B0001B26B31D02B
:10338800B2C01AF001010C6B2CD0D16B1A6AF6D7B7
:10339800E86BE96B0101046B056B0FEC37F0BEC0FD
:1033A800B2F01A50240A13E1050EAF5D000EB059B1
:1033B80018E3050EAF6FB06BB251800F1A6ED105CE
:1033C800D8B41200010ED16F01012B6B0AD0640E24
:1033D800AF5D000EB05905E3640EECD7AF6BB06B70
:1033E8001A6A1A501BE00001DA6B1E50080A14E131
:1033F8007D0E306E2F6A060E2E6E000E93EC2FF0A7
:1034080001011B6B0001DA6BD26BD6C01EF0D66BC4
:103418001A6A996B0FEC37F0F86BF96BBEC021F1A3
:103428001200E8CFD9FFE00ED924F36EF46AFF0E3C
:10343800F422F33AF43AF00EF416F3500F0BF412A8
:10344800F00EF3162C500608E16E2D507A08306EF7
:1034580030380F0B2E6E30500F0B2F6EB00E3EEC27
:1034680008F0F0EC36F0100E38EC08F0F0EC36F01E
:103478002FC03FF0406AF0EC36F0D950200A0FE137
:10348800316A326A000E3F6A406AE7EC36F0314A28
:10349800322A030E315C000E325814E2F3D70F0EB5
:1034A8002CEC08F0070EF324336E000E1BEC08F02A
:1034B80009E26A0E22EC08F0E7EC36F03106D8A0F3
:1034C8003206F0D7B10E3EEC08F0F0EC36F0100EF4
:1034D80038EC08F0F0EC36F02FC03FF0406AF0EC22
:1034E80036F0D950200A10E1F36AF46A000E3F6AF8
:1034F800406AE7EC36F0F34AF42A030EF35C000E58
:10350800F458D8B01200F2D7070E2CEC08F0FF0ED2
:10351800F324336EFF0E1BEC08F0D8B012006A0ECD
:1035280022EC08F0E7EC36F03106D8A03206EFD7E7
:10353800E8CFD9FFE00ED924F36EF46AFF0EF42227
:10354800F33AF43AF00EF416F3500F0BF412F00EAF
:10355800F3162C500608E16E2D508708306E30386F
:103568000F0B2E6E30500F0B2F6EB00EF0EC07F0D5
:10357800F0EC36F0100EEAEC07F0F0EC36F02FC065
:103588003FF0406AF0EC36F0D950200A0FE1316A7A
:10359800326A000E3F6A406AE7EC36F0314A322A56
:1035A800030E315C000E325814E2F3D70F0EE4EC30
:1035B80007F0070EF324336E000ED3EC07F009E290
:1035C8006A0EDAEC07F0E7EC36F03106D8A03206DE
:1035D800F0D7B10EF0EC07F0F0EC36F0100EEAEC94
:1035E80007F0F0EC36F02FC03FF0406AF0EC36F010
:1035F800D950200A10E1F36AF46A000E3F6A406A63
:10360800E7EC36F0F34AF42A030EF35C000EF458A4
:10361800D8B01200F2D7070EE4EC07F0FF0EF3243F
:10362800336EFF0ED3EC07F0D8B012006A0EDAEC56
:1036380007F0E7EC36F03106D8A03206EFD7E8CF2E
:10364800D9FFD950100D000EF3243A6E010EF42064
:103658003B6E30500608326E000ED8A0E82A0008EB
:10366800336E31507A08386E000ED8A0E82A000868
:10367800396E38C03CF039C03DF0040E3E6ED8902B
:103688003D323C323E2EFBD73CC034F03DC035F0D5
:103698000F0E3814366E376AB00E05EC09F0F0ECF0
:1036A80036F0100EFFEC08F0F0EC36F036C03FF0C4
:1036B80037C040F0F0EC36F00F0EF9EC08F0070ECA
:1036C8003A243C6E000ED8EC08F012E20001985142
:1036D80006E06A0EE9EC08F0E7EC36F005D06A0E71
:1036E800DFEC08F0E7EC36F0F306D8A0F406E7D7ED
:1036F800B10E05EC09F0F0EC36F0100EFFEC08F016
:10370800F0EC36F036C03FF037C040F0F0EC36F061
:10371800070EF9EC08F0FF0E3A243C6EFF0ED8ECC9
:1037280008F0D8B012000001985106E06A0EE9ECE2
:1037380008F0E7EC36F005D06A0EDFEC08F0E7ECAD
:1037480036F0F306D8A0F406E6D7E8CFD9FF640E22
:10375800326E000E336A78C030F079C031F026EC52
:1037680034F03050276E640E94EC07F0ACEC35F072
:1037780030C030F031C031F00A0E326E000E336ABC
:1037880026EC34F03050296E640E94EC07F0ACEC63
:1037980035F00A0E326E000E336AACEC35F030505C
:1037A800286ED9CF2AF026C02BF0275014E000014C
:1037B800B56B2BC02FF02AC02EF027C02CF02D6A35
:1037C800A4EC1DF02B500F0F81EC07F0A4EC1DF0BA
:1037D8002B501E0F36D029501DE00001B50511E011
:1037E800010EB56F800E7BEC07F093EC2FF0800E86
:1037F80075EC07F093EC2FF0800E65EC07F093EC76
:103808002FF02B50080F81EC07F0A4EC1DF02B5083
:10381800170F17D00001B551020A11E0020EB56F5B
:10382800800E7BEC07F093EC2FF0800E75EC07F020
:1038380093EC2FF0800E65EC07F093EC2FF02B50F3
:10384800120F2F6E2AC02EF028C02CF02D6AA4EF7C
:103858001DF0E8CFD9FF640E326E000E336A78C0CF
:1038680030F079C031F026EC34F03050296E640E17
:10387800D3EC0BF0ACEC35F030C030F031C031F0A7
:103888000A0E326E000E336A26EC34F030502B6E7E
:10389800640ED3EC0BF0ACEC35F00A0E326E000E71
:1038A800336AACEC35F030502A6ED9CF2CF028C0F2
:1038B8002DF0295013E0B56B2DC031F02CC030F03D
:1038C80029C02EF02F6AB6EC17F02D50120FB2EC6B
:1038D8000BF0B6EC17F02D50240F1DD02B5023E021
:1038E800B50511E0010EB56F800EACEC0BF093EC52
:1038F8002FF0800EA6EC0BF093EC2FF0800EA0ECCE
:103908000BF093EC2FF02D50090FB2EC0BF0B6EC46
:1039180017F02D501B0F316E2CC030F02AC02EF03E
:103928002F6AB6EF17F0B551020AF3E0020EB56F31
:10393800800EACEC0BF093EC2FF0800EA6EC0BF0A5
:1039480093EC2FF0800EA0EC0BF093EC2FF0E1D766
:10395800899CC80E236E000E246AE2EC35F0898C2F
:10396800C80E236E000E246AE2EC35F0E20E3F6EBC
:10397800000E406AF0EC36F0320E236E000E246A18
:10398800E2EC35F0A20E3F6E000E406AF0EC36F025
:10399800A10E3F6E000E406AF0EC36F0C00E3F6E8E
:1039A800000E406AF0EC36F02C0E3F6E000E406AB6
:1039B800F0EC36F0050E236E000E246AE2EC35F0CA
:1039C8002E0E3F6E000E406AF0EC36F0050E236EA8
:1039D800000E246AE2EC35F02F0E3F6E000E406AAE
:1039E800F0EC36F0320E236E000E246AE2EC35F06D
:1039F800250E3F6E000E406AF0EC36F0810E3F6EE9
:103A0800000E406AF0EC36F00C0E3F6E000E406A75
:103A1800F0EC36F00A0E236E000E246AE2EC35F064
:103A2800AC0E3F6E000E406AF0EC36F0000E3F6AB6
:103A3800406AF0EC36F0400E3F6E000E406AF0EC43
:103A480036F0AF0E3F6E000E406AF0EF36F0000120
:103A5800B12B94510F0BE16E9451C00BD96ED95014
:103A6800800A26E1996703D08B988B8A0AD099053A
:103A780003E1B5EC36F005D099510A0AD8B4B5EC93
:103A880036F0190E0001B16101D031D0320EB161AA
:103A980001D034D04B0EB16101D035D0640EB16184
:103AA80001D036D07D0EB16101D037D0B16B120094
:103AB800996703D08B988B9A35D0990503E1B5ECBB
:103AC80036F030D099510A0A2DE1B5EC36F02AD0FB
:103AD800330E0101142B146105D0660E216E060EFB
:103AE8000CEF27F0C90E142B0101146105D0660EE6
:103AF800216E060EA0EF20F0146B1200660E216EE8
:103B0800060EEDEF22F0660E216E060E8CEF22F007
:103B1800660E216E060E10EF24F0660E216E060E5C
:103B280071EF24F0E150010AE9E0030AECE0010A30
:103B3800EFE0070AF2E0010AE0E00F0AC9E012002C
:103B48002D0E386E000E396A2CC036F02DC037F0B5
:103B58002BEC36F036C030F037C031F02E50060866
:103B6800E96E2F507A08F36EF3380F0BD96EF350C5
:103B78000F0BE16EB00EB7EC0AF0F0EC36F0100E59
:103B8800B1EC0AF0F0EC36F0E1CF3FF0406AF0EC2F
:103B980036F030C0F3FF31C0F4FF0F0E9DEC0AF091
:103BA80008E23A0EA7EC0AF0E7EC36F0F34AF42AFA
:103BB800F4D7B10EB7EC0AF0F0EC36F0100EB1EC19
:103BC8000AF0F0EC36F0E1CF3FF0406AF0EC36F066
:103BD8000F0E91EC0AF01E0E9DEC0AF008E23A0E68
:103BE800A7EC0AF0E7EC36F0F34AF42AF4D7B20E61
:103BF800B7EC0AF0F0EC36F0100EB1EC0AF0F0EC8D
:103C080036F0E1CF3FF0406AF0EC36F01E0E91EC52
:103C18000AF02D0E9DEC0AF0D8B012003A0EA7EC6F
:103C28000AF0E7EC36F0F34AF42AF3D7CC4BCD2B65
:103C3800330EF6EC07F008E27D0E306E2F6A060EA2
:103C48002E6E000E93EF2FF0CC4BCD2BC90EF6EC59
:103C580007F05DE21E50D8B412001E50070AD8B40F
:103C680012004BD01D5005E0550E286E030E9BEF39
:103C78002AF00D0E2B6E030E2A6E480E286EFF0ECC
:103C880039D01D5005E0550E286E030E39EF2BF084
:103C9800180E2B6E030E2A6E890E286EFF0E2AD080
:103CA8001D5005E0550E286E030ED7EF2BF0180EA9
:103CB8002B6E030E2A6E380E286EFF0E296E1CEF2F
:103CC80035F0180E2B6E030E2A6ECA0E286EFF0EE4
:103CD80011D09905D8A412001D5005E0550E286E84
:103CE800030EEAEF2AF0140E2B6E030E2A6E630EF3
:103CF800286EFF0E296EFBEF34F07C51030AC1E0F9
:103D0800050AB0E0010ACCE00F0ADBE0E2D7CC6B91
:103D1800CD6B0101146B1200E8CFD9FFD950100DFB
:103D2800F3CFE9FF2E500608E16E2F507A08D96EBE
:103D3800D9380F0BF36ED9500F0BF46EB00E6BEC35
:103D48000AF0F0EC36F0100E65EC0AF0F0EC36F004
:103D5800F4CF3FF0406AF0EC36F0E9CFD9FFE9CF75
:103D680030F0316A080E3026000E3122D9CF32F0F9
:103D780043EC0AF012E20001985107E0D00ED92472
:103D880056EC0AF0E7EC36F006D0D00ED9244DEC0C
:103D98000AF0E7EC36F0D92AE2D7B10E6BEC0AF05C
:103DA800F0EC36F0100E65EC0AF0F0EC36F0F4CFDB
:103DB8003FF0406AF0EC36F0E950080FE16EE9CFC9
:103DC80030F0316A100E3026000E3122E1CF32F089
:103DD80043EC0AF0D8B012000001985107E0D00E69
:103DE800E12456EC0AF0E7EC36F006D0D00EE124D8
:103DF8004DEC0AF0E7EC36F0E12AE1D7E8CFE9FF2D
:103E0800E95009080C0DF3CFD9FF30500608F46EBD
:103E180031507A08E96EE9380F0BE16EE9500F0B63
:103E2800F36EB00EBCEC08F0F0EC36F0100EB6EC09
:103E380008F0F0EC36F0F3CF3FF0406AF0EC36F0E3
:103E4800D9CFE9FFD9CF32F0336A080E3226000EF7
:103E58003322E9CF34F0ACEC08F00DE200019851C0
:103E6800000E3F6E406E03E0E7EC36F002D0E7EC60
:103E780036F0E92AE7D7B10EBCEC08F0F0EC36F0E2
:103E8800100EB6EC08F0F0EC36F0F3CF3FF0406AD5
:103E9800F0EC36F0D950080FE16ED9CF32F0336A22
:103EA800100E3226000E3322E1CF34F0ACEC08F0CD
:103EB800D8B0120000019851000E3F6E406E03E02A
:103EC800E7EC36F002D0E7EC36F0E12AE6D7E8CFA7
:103ED800D9FFD95009080C0DF3CFE9FF3050060877
:103EE800E16E31507A08F46EF4380F0BF36EF4502B
:103EF8000F0BD96EB00EBAEC07F0F0EC36F0100EDE
:103F0800B4EC07F0F0EC36F0D9CF3FF0406AF0ECB3
:103F180036F0E9CFF4FFE9CF32F0336A060E3226E5
:103F2800000E3322F4CF34F0A2EC07F00DE20001CA
:103F38009851000E3F6E406E03E0E7EC36F002D079
:103F4800E7EC36F0F42AE7D7B10EBAEC07F0F0EC5C
:103F580036F0100EB4EC07F0F0EC36F0D9CF3FF0A5
:103F6800406AF0EC36F0E950060FF36EE9CF32F014
:103F7800336A0C0E3226000E3322F3CF34F0A2EC53
:103F880007F0D8B0120000019851000E3F6E406E45
:103F980003E0E7EC36F002D0E7EC36F0F32AE6D798
:103FA800565054C0E9FF08E055C0EAFFEE50EE1045
:103FB800ED100BE154C0E9FF55C0EAFFEE6AEE6A66
:103FC800ED6A000C562A67EC06F054C0E9FF55C0AC
:103FD800EAFFEE52EE52FE0EED140CE0F3D7562A2D
:103FE80054C0E9FF55C0EAFFEE2A000EEE22ED228A
:103FF80067EC06F054C0E9FF55C0EAFFEE52EE52F6
:10400800FF0EED140AE0EBD7560654C0E9FF55C081
:10401800EAFFD890EE36EE36ED3654C0E9FF55C0CB
:10402800EAFFEECF57F0EECF58F0EECF59F058AE8A
:10403800EBD756B00AD054C0E9FF55C0EAFFFF0ECF
:10404800EE167F0EEE16FF0EED16D890563256502D
:10405800596E586A576A54C0E9FF55C0EAFF57506D
:10406800EE125850EE125950ED121200355033C06E
:10407800E9FF08E034C0EAFFEE50EE10ED100BE166
:1040880033C0E9FF34C0EAFFEE6AEE6AED6A000C5D
:10409800352A1FEC0CF033C0E9FF34C0EAFFEE52BA
:1040A800EE52FE0EED140CE0F3D7352A33C0E9FFCB
:1040B80034C0EAFFEE2A000EEE22ED221FEC0CF0CF
:1040C80033C0E9FF34C0EAFFEE52EE52FF0EED14A2
:1040D8000AE0EBD7350633C0E9FF34C0EAFFD890D1
:1040E800EE36EE36ED3633C0E9FF34C0EAFFEECFE8
:1040F80036F0EECF37F0EECF38F037AEEBD735B03D
:104108000AD033C0E9FF34C0EAFFFF0EEE167F0E77
:10411800EE16FF0EED16D89035323550386E376AE8
:10412800366A33C0E9FF34C0EAFF3650EE12375022
:10413800EE123850ED121200E8CFF3FF236A246A1A
:10414800F3500608D96E21507408E96EE9380F0B50
:10415800226EE9500F0BE16EB00ED92411EC0AF073
:10416800F0EC36F0100E222411EC0AF0F0EC36F0E8
:10417800E1CF3FF0406AF0EC36F0F36AF46A180ECB
:10418800F3EC09F011E29E0EF324F66EF76AFD0EC9
:10419800F7220800F5CFE9FFE9CF3FF0406AE7ECE6
:1041A80036F0F34AF42AEBD7B10ED924E9EC09F03A
:1041B800F0EC36F0100E2224E9EC09F0F0EC36F0C1
:1041C800E1CF3FF0406AF0EC36F0180E2324F36E8E
:1041D800000E2420F46E300EF3EC09F0D8B0120073
:1041E8009E0EF324F66EF76AFD0EF7220800F5CF4F
:1041F800D9FFD9CF3FF0406AE7EC36F0F34AF42A0A
:10420800EAD794510F0B050A02E1D58101D0D59167
:104218007C5102E0D58301D0D59394C021F00F0ED4
:104228002116210402E1D58701D0D597D551010186
:10423800206102D00001A76B000194510F0B050A01
:1042480017E1070E1E6E01012A6F0A0E0001996F11
:10425800B5EC36F00101064B072BF50E065D010E95
:10426800075904E2010E10EC2DF02BD08B9429D0C5
:104278007C6702D0D9510FE07C51030A05E182A284
:1042880006D0C951040A03E0010E10EC2DF00A0E05
:104298000001996F16D01E50070AD8B41200945125
:1042A8000F0B0A0A09E1010E10EC2DF0010E0001B6
:1042B800996FB5EC36F005D0996BA76BEA6BEB6B91
:1042C8008B98D5C020F11200980E0001FC6F080EE3
:1042D800FD6F1150101031E0DC6712D00101296B1D
:1042E8001E512BE1004B012BC90E005D000E015938
:1042F80024E3006B016B000192919A6B9B6B1DD0BC
:104308000101006B016B292B0A0E296516D0296B58
:1043180000019A4B9B2B320E9A5D2A0E9B5905E39E
:10432800C80E9A6F320E9B6F08D09A51FC5D9B5154
:10433800FD5902E2928101D092910001C451C3114A
:1043480022E0FE4BFF2B410EFE5D1F0EFF5916E2C9
:10435800050EC35D000EC459D8A012001E50030AF2
:1043680007E18F6701D092878F0503E1976701D036
:104378009287C36BC46BFE6BFF6B1200C36BC46B7D
:10438800FE6BFF6B1200FE6BFF6B1200E8CFF3FFB2
:104398002A6A2B6AF3500608D96E28507408E96E09
:1043A800E9380F0B296EE9500F0BE16EB00E4DEC9A
:1043B8000BF0F0EC36F0100E47EC0BF0F0EC36F0AA
:1043C800E1CF3FF0406AF0EC36F0F36AF46A1F0E72
:1043D8002CEC0BF011E2240EF324F66EF76AFD0EB6
:1043E800F7220800F5CFE9FFE9CF3FF0406AE7EC94
:1043F80036F0F34AF42AEBD7B10E4DEC0BF0F0ECA3
:1044080036F0100E47EC0BF0F0EC36F0E1CF3FF051
:10441800406AF0EC36F01F0E2A24F36E000E2B20B3
:10442800F46E3E0E2CEC0BF0D8B01200240EF324E0
:10443800F66EF76AFD0EF7220800F5CFD9FFD9CF3F
:104448003FF0406AE7EC36F0F34AF42AEAD7E8CFBF
:10445800F3FF286A296AF3500608D96E26507408B3
:10446800E96EE9380F0B276EE9500F0BE16EB00EBD
:10447800D3EC0AF0F0EC36F0100ECDEC0AF0F0ECCC
:1044880036F0E1CF3FF0406AF0EC36F0F36AF46AB8
:10449800090EC3EC0AF011E20D0EF324F66EF76A6A
:1044A800FF0EF7220800F5CFE9FFE9CF3FF0406A99
:1044B800E7EC36F0F34AF42AEBD7B10ED3EC0AF066
:1044C800F0EC36F0100ECDEC0AF0F0EC36F0E1CF5F
:1044D8003FF0406AF0EC36F0090E2824F36E000E27
:1044E8002920F46E120EC3EC0AF0D8B012000D0E9B
:1044F800F324F66EF76AFF0EF7220800F5CFD9FF0E
:10450800D9CF3FF0406AE7EC36F0F34AF42AEAD70D
:10451800E8CFF3FF236A246AF3500608D96E2150C6
:104528007408E96EE9380F0B226EE9500F0BE16E43
:10453800B00ED2EC08F0F0EC36F0100ECCEC08F02F
:10454800F0EC36F0E1CF3FF0406AF0EC36F0F36A79
:10455800F46A180EC2EC08F011E2FE0EF324F66EAF
:10456800F76AFD0EF7220800F5CFE9FFE9CF3FF023
:10457800406AE7EC36F0F34AF42AEBD7B10ED2ECF6
:1045880008F0F0EC36F0100ECCEC08F0F0EC36F059
:10459800E1CF3FF0406AF0EC36F0180E2324F36EBA
:1045A800000E2420F46E300EC2EC08F0D8B01200D1
:1045B800FE0EF324F66EF76AFD0EF7220800F5CF1B
:1045C800D9FFD9CF3FF0406AE7EC36F0F34AF42A36
:1045D800EAD7E8CFF3FF236A246AF3500608D96EB6
:1045E80021507408E96EE9380F0B226EE9500F0B61
:1045F800E16EB00E19EC0CF0F0EC36F0100E13EC86
:104608000CF0F0EC36F0E1CF3FF0406AF0EC36F019
:10461800F36AF46A180E09EC0CF011E2CE0EF324DA
:10462800F66EF76AFD0EF7220800F5CFE9FFE9CF2D
:104638003FF0406AE7EC36F0F34AF42AEBD7B10EC4
:1046480019EC0CF0F0EC36F0100E13EC0CF0F0EC6A
:1046580036F0E1CF3FF0406AF0EC36F0180E232434
:10466800F36E000E2420F46E300E09EC0CF0D8B076
:104678001200CE0EF324F66EF76AFD0EF72208003C
:10468800F5CFD9FFD9CF3FF0406AE7EC36F0F34ACF
:10469800F42AEAD7E8CFF3FF2A6A2B6AF350060810
:1046A800D96E28507408E96EE9380F0B296EE95065
:1046B8000F0BE16EB00ED9EC06F0F0EC36F0100EF0
:1046C800D3EC06F0F0EC36F0E1CF3FF0406AF0ECC6
:1046D80036F0F36AF46A1E0EC2EC06F011E2620EBE
:1046E800F324F66EF76AFD0EF7220800F5CFE9FF0E
:1046F800E9CF3FF0406AE7EC36F0F34AF42AEBD70B
:10470800B10ED9EC06F0F0EC36F0100ED3EC06F052
:10471800F0EC36F0E1CF3FF0406AF0EC36F01E0ED8
:104728002A24F36E000E2B20F46E3C0EC2EC06F029
:10473800D8B01200620EF324F66EF76AFD0EF72267
:104748000800F5CFD9FFD9CF3FF0406AE7EC36F043
:10475800F34AF42AEAD7E8CFF3FF286A296AF35024
:104768000608D96E26507408E96EE9380F0B276ED3
:10477800E9500F0BE16EB00EEFEC06F0F0EC36F0FE
:10478800100EE9EC06F0F0EC36F0E1CF3FF0406AAD
:10479800F0EC36F0F36AF46A100EDFEC06F011E282
:1047A8008E0EF324F66EF76AFE0EF7220800F5CF98
:1047B800E9FFE9CF3FF0406AE7EC36F0F34AF42A24
:1047C800EBD7B10EEFEC06F0F0EC36F0100EE9EC9A
:1047D80006F0F0EC36F0E1CF3FF0406AF0EC36F04E
:1047E800100E2824F36E000E2920F46E200EDFEC44
:1047F80006F0D8B012008E0EF324F66EF76AFE0E9D
:10480800F7220800F5CFD9FFD9CF3FF0406AE7EC8F
:1048180036F0F34AF42AEAD7E8CFF3FF236A246A8A
:10482800F3500608D96E21507408E96EE9380F0B69
:10483800226EE9500F0BE16EB00E8FEC09F0F0EC30
:1048480036F0100E89EC09F0F0EC36F0E1CF3FF0CD
:10485800406AF0EC36F0F36AF46A180E7FEC09F05F
:1048680011E22E0EF324F66EF76AFE0EF722080008
:10487800F5CFE9FFE9CF3FF0406AE7EC36F0F34ABD
:10488800F42AEBD7B10E8FEC09F0F0EC36F0100EED
:1048980089EC09F0F0EC36F0E1CF3FF0406AF0EC3B
:1048A80036F0180E2324F36E000E2420F46E300E1A
:1048B8007FEC09F0D8B012002E0EF324F66EF76ADA
:1048C800FE0EF7220800F5CFD9FFD9CF3FF0406A96
:1048D800E7EC36F0F34AF42AEAD7E8CFF3FF236A85
:1048E800246AF3500608D96E21507408E96EE93835
:1048F8000F0B226EE9500F0BE16EB00E73EC09F04E
:10490800F0EC36F0100E6DEC09F0F0EC36F0E1CF7B
:104918003FF0406AF0EC36F0F36AF46A180E63EC84
:1049280009F011E25E0EF324F66EF76AFE0EF72226
:104938000800F5CFE9FFE9CF3FF0406AE7EC36F031
:10494800F34AF42AEBD7B10E73EC09F0F0EC36F029
:10495800100E6DEC09F0F0EC36F0E1CF3FF0406A54
:10496800F0EC36F0180E2324F36E000E2420F46EBB
:10497800300E63EC09F0D8B012005E0EF324F66E28
:10498800F76AFE0EF7220800F5CFD9FFD9CF3FF01E
:10499800406AE7EC36F0F34AF42AEAD7E8CFD9FFC1
:1049A800640E326E000E336A27C030F028C031F032
:1049B80026EC34F03050296E640EACEC07F0ACEC09
:1049C80035F030C030F031C031F00A0E326E000ED2
:1049D800336A26EC34F030502B6E640EACEC07F0E2
:1049E800ACEC35F00A0E326E000E336AACEC35F0E2
:1049F80030502A6ED9CF2CF026C02DF029500DE06A
:104A08002DC02FF02CC02EF0295090EC1EF02D5008
:104A18009CEC07F090EC1EF019D02B502DC031F013
:104A28002CC030F0000E08E002EC1FF02D509CEC7A
:104A380007F090EC1EF00AD002EC1FF02D50080F82
:104A4800316E2CC030F0000E02EC1FF02D50100F0C
:104A58002F6E2CC02EF02A5090EF1EF0E8CFD9FF11
:104A6800640E326E000E336A29C030F02AC031F06D
:104A780026EC34F030502B6E640E27EC07F0ACECCB
:104A880035F030C030F031C031F00A0E326E000E11
:104A9800336A26EC34F030502D6E640E27EC07F0A4
:104AA800ACEC35F00A0E326E000E336AACEC35F021
:104AB80030502C6ED9CF2EF028C02FF02B500DE09F
:104AC8002FC031F02EC030F02B5023EC1BF02F50AC
:104AD80021EC07F023EC1BF019D02D502FC031F03A
:104AE8002EC030F0000E08E002EC1FF02F5021EC31
:104AF80007F023EC1BF00AD002EC1FF02F50080F30
:104B0800316E2EC030F0000E02EC1FF02F50100F47
:104B1800316E2EC030F02C5023EF1BF0E8CFD9FFB8
:104B2800640E326E000E336A29C030F02AC031F0AC
:104B380026EC34F030502B6E640E3BEC0AF0ACECF3
:104B480035F030C030F031C031F00A0E326E000E50
:104B5800336A26EC34F030502D6E640E3BEC0AF0CC
:104B6800ACEC35F00A0E326E000E336AACEC35F060
:104B780030502C6ED9CF2EF028C02FF02B500DE0DE
:104B88002FC031F02EC030F02B500AEC17F02F5008
:104B980030EC0AF00AEC17F019D02D502FC031F084
:104BA8002EC030F0000E08E06BEC1FF02F5030ECF8
:104BB8000AF00AEC17F00AD06BEC1FF02F50060F22
:104BC800316E2EC030F0000E6BEC1FF02F500C0F22
:104BD800316E2EC030F02C500AEF17F0F4CF44F0AD
:104BE800A1A249D0A192FC0E7B6E170E7A6E20EC22
:104BF80037F0172B01011751050A03E1176B75EC04
:104C08002CF00101182B040E186515D00001A329FA
:104C1800D8B4A429D8B4A529D8B4A62906E0A32BCA
:104C2800000EA423A523A62304D0A36BA46BA56B15
:104C3800A66B0101186B0001DC511AE0DB2B010E99
:104C480001012F6F0001DB5101011D5D09E3000126
:104C58008F0504E18F0519E1976717D08B8E15D062
:104C68000A0E0001DB6102D08B9E0FD0DB6B0DD0EA
:104C78008B9E0001FBD7F2A408D0F294010E01012B
:104C8800226FD80ED76EEF0ED66E44C0F4FF43C025
:104C9800F3FF42C0EAFF41C0E9FF1100E8CFF4FF8B
:104CA800276A286AF4500608F36E26507408E96EDD
:104CB800E9380F0BD96EE9500F0BE16EB00E88EC96
:104CC8000BF0F0EC36F0100E82EC0BF0F0EC36F056
:104CD800E1CF3FF0406AF0EC36F0296A2A6A090E03
:104CE80027242B6E000E28202C6E2B50295C2C506C
:104CF8002A5808E2000E3F6A406AE7EC36F0294A73
:104D08002A2AEDD7B10E88EC0BF0F0EC36F0100E35
:104D180082EC0BF0F0EC36F0E1CF3FF0406AF0ECBB
:104D280036F0090E2724F36E000E2820F46E120EBA
:104D380027242B6E000E28202C6E2B50F35C2C5051
:104D4800F458D8B01200000E3F6A406AE7EC36F01B
:104D5800F34AF42AECD7E8CFF4FF236A246AF45024
:104D68000608F36E22507408E96EE9380F0BD96E05
:104D7800E9500F0BE16EB00E1BEC07F0F0EC36F0CB
:104D8800100E15EC07F0F0EC36F0E1CF3FF0406A7A
:104D9800F0EC36F0256A266A100E2324276E000EE2
:104DA8002420286E2750255C2850265808E2000E3B
:104DB8003F6A406AE7EC36F0254A262AEDD7B10E5D
:104DC8001BEC07F0F0EC36F0100E15EC07F0F0ECE9
:104DD80036F0E1CF3FF0406AF0EC36F0100E2324B5
:104DE800F36E000E2420F46E200E2324276E000E8E
:104DF8002420286E2750F35C2850F458D8B01200AD
:104E0800000E3F6A406AE7EC36F0F34AF42AECD722
:104E1800E8CFF4FF226A236AF4500608F36E2150A3
:104E28007408E96EE9380F0BD96EE9500F0BE16E83
:104E3800B00E5DEC09F0F0EC36F0100E57EC09F00E
:104E4800F0EC36F0E1CF3FF0406AF0EC36F0246A3F
:104E5800256A160E2224266E000E2320276E265061
:104E6800245C2750255808E2000E3F6A406AE7ECA8
:104E780036F0244A252AEDD7B10E5DEC09F0F0ECA6
:104E880036F0100E57EC09F0F0EC36F0E1CF3FF0B9
:104E9800406AF0EC36F0160E2224F36E000E232042
:104EA800F46E2C0E2224266E000E2320276E265028
:104EB800F35C2750F458D8B01200000E3F6A406ADD
:104EC800E7EC36F0F34AF42AECD7E8CFE1FFE96AD9
:104ED800E1500608276E26507A08D96ED9380F0B8C
:104EE800F36ED9500F0BF46EB00EBCEC06F0F0EC7C
:104EF80036F0100EB6EC06F0F0EC36F0F4CF3FF0DA
:104F0800406AF0EC36F0D96AE9CF28F0296A100E29
:104F18002826000E2922D9CF2AF0A3EC06F008E2B1
:104F2800AE0ED924ADEC06F0E7EC36F0D92AECD772
:104F3800B10EBCEC06F0F0EC36F0100EB6EC06F054
:104F4800F0EC36F0F4CF3FF0406AF0EC36F0E95080
:104F5800100FE16EE9CF28F0296A200E2826000EEE
:104F68002922E1CF2AF0A3EC06F0D8B01200AE0E49
:104F7800E124ADEC06F0E7EC36F0E12AEBD70001CE
:104F8800926B946BC1C088F0C1C02EF18851020A9F
:104F980008E08851030A05E088510A0A02E0020E77
:104FA800886F8851020A02E1D06B0AD08851030A3F
:104FB80002E1010E04D088510A0A02E1020ED06F04
:104FC800EEC01FF0EFC020F01FC010F020C011F09D
:104FD800C90E105C000E115807E37D0E1F6E206A83
:104FE8001FC010F020C011F01B50105C1C5011584D
:104FF80003E2280E1B6E1C6AF0C074F0F1C075F055
:10500800640E745D000E755903E3050E746F756BBD
:10501800ECC076F0EDC077F0640E765D000E77593F
:10502800D8A01200020E766F776B000C516A526A94
:10503800536A4F0E566E000E576E470E546E000E92
:10504800556E85EC32F04E6E4F6602D0CCEF06F00E
:105058004D0E566E000E576E4A0E546E000E556E6B
:1050680085EC32F0506E4D6602D0CCEF06F04D5014
:10507800890F4F5E50504E1A180E506ED890513608
:10508800523653364A50475C4B5048584C50495852
:1050980007E34A50475E4B50485A4C50495A518092
:1050A800D890473648364936502EE8D74FC056F084
:1050B800510E546E000E556ED4EC1FF04E50D8A40D
:1050C800538E51C047F052C048F053C049F0120007
:1050D800306A316A326A2E0E356E000E366E260E32
:1050E800336E000E346EBCEC32F02D6E2E6602D09C
:1050F8000BEF09F02C0E356E000E366E290E336E4E
:10510800000E346EBCEC32F02F6E2C6602D00BEF22
:1051180009F02C50890F2E5E2F502D1A180E2F6E65
:10512800D8903036313632362950265C2A502758E6
:105138002B50285807E32950265E2A50275A2B500F
:10514800285A3080D8902636273628362F2EE8D78A
:105158002EC035F0300E336E000E346E3AEC20F06F
:105168002D50D8A4328E30C026F031C027F032C07E
:1051780028F01200E8CF4BF04D6A4E6A4B50F3EC22
:1051880032F001010A51020D820EF324E96EEA6A37
:10519800000EEA224FC0EEFF50C0EDFF0A2B0A5165
:1051A800030AD8B40A6B4C6A4C50020D0001820EF7
:1051B800F324E96EEA6A000EEA22EE504D26ED501D
:1051C8004E224C2A020E4C64EFD7030E516E000E8D
:1051D800526A4DC04FF04EC050F051EC30F04FC005
:1051E8004DF050C04EF04E50800A7C0F000ED8B4DF
:1051F8004D5C03E34D68030E4E6E4E50800A800FDF
:10520800010ED8B44D5C02E24D6A4E6A4DC049F0B9
:105218004EC04AF01200E8CF4BF04D6A4E6A4B5030
:10522800F3EC32F001010D51020D300EF324E96E5A
:10523800EA6A010EEA224FC0EEFF50C0EDFF0D2BC7
:105248000D510A0AD8B40D6B4C6A4C50020D300E41
:10525800F324E96EEA6A010EEA22EE504D26ED507B
:105268004E224C2A090E4C64F0D70A0E516E000EDD
:10527800526A4DC04FF04EC050F051EC30F04FC064
:105288004DF050C04EF04E50800A7C0F000ED8B43E
:105298004D5C03E34D68030E4E6E4E50800A800F3E
:1052A800010ED8B44D5C02E24D6A4E6A4DC049F019
:1052B8004EC04AF01200E8CFF3FF286A296AF3507B
:1052C8000608276E26507A08E96EE9380F0BD96E62
:1052D800E9500F0BE16EB00E8BEC0AF0F0EC36F0F3
:1052E800100E85EC0AF0F0EC36F0E1CF3FF0406AA2
:1052F800F0EC36F0F36AF46A2E0E71EC0AF008E26C
:105308006C0E7BEC0AF0E7EC36F0F34AF42AF4D79B
:10531800B10E8BEC0AF0F0EC36F0100E85EC0AF0CA
:10532800F0EC36F0E1CF3FF0406AF0EC36F02E0EAC
:105338002824F36E000E2920F46E5C0E71EC0AF03E
:10534800D8B012006C0E7BEC0AF0E7EC36F0F34AAA
:10535800F42AF3D7E8CFF3FF2A6A2B6AF35006083A
:10536800296E28507A08E96EE9380F0BD96EE95092
:105378000F0BE16EB00E15EC08F0F0EC36F0100EE5
:105388000FEC08F0F0EC36F0E1CF3FF0406AF0ECBB
:1053980036F0F36AF46A2E0EFBEC07F008E2C80E4A
:1053A80005EC08F0E7EC36F0F34AF42AF4D7B10E2E
:1053B80015EC08F0F0EC36F0100E0FEC08F0F0ECFD
:1053C80036F0E1CF3FF0406AF0EC36F02E0E2A249A
:1053D800F36E000E2B20F46E5C0EFBEC07F0D8B0D9
:1053E8001200C80E05EC08F0E7EC36F0F34AF42A90
:1053F800F3D7E8CFF3FF286A296AF3500608276E27
:1054080026507A08E96EE9380F0BD96EE9500F0B70
:10541800E16EB00E5FEC07F0F0EC36F0100E59ECD0
:1054280007F0F0EC36F0E1CF3FF0406AF0EC36F0F0
:10543800F36AF46A100E45EC07F008E2CE0E4FEC62
:1054480007F0E7EC36F0F34AF42AF4D7B10E5FEC34
:1054580007F0F0EC36F0100E59EC07F0F0EC36F0EF
:10546800E1CF3FF0406AF0EC36F0100E2824F36EDE
:10547800000E2920F46E200E45EC07F0D8B012007B
:10548800CE0E4FEC07F0E7EC36F0F34AF42AF3D7E8
:10549800E8CFF3FF286A296AF3500608276E2650DA
:1054A8007A08E96EE9380F0BD96EE9500F0BE16EF7
:1054B800B00E0FEC07F0F0EC36F0100E09EC07F028
:1054C800F0EC36F0E1CF3FF0406AF0EC36F0F36AEA
:1054D800F46A300EF5EC06F008E20C0EFFEC06F06C
:1054E800E7EC36F0F34AF42AF4D7B10E0FEC07F0E4
:1054F800F0EC36F0100E09EC07F0F0EC36F0E1CFE6
:105508003FF0406AF0EC36F0300E2824F36E000EBF
:105518002920F46E600EF5EC06F0D8B012000C0EDF
:10552800FFEC06F0E7EC36F0F34AF42AF3D7E8CFBD
:10553800F3FF2A6A2B6AF3500608296E28507A0866
:10554800E96EE9380F0BD96EE9500F0BE16EB00E1A
:105558004CEC09F0F0EC36F0100E46EC09F0F0ECEB
:1055680036F0E1CF3FF0406AF0EC36F0F36AF46AC7
:10557800360E32EC09F008E2A00E3CEC09F0E7EC3C
:1055880036F0F34AF42AF4D7B10E4CEC09F0F0ECFB
:1055980036F0100E46EC09F0F0EC36F0E1CF3FF0B3
:1055A800406AF0EC36F0360E2A24F36E000E2B20FB
:1055B800F46E6C0E32EC09F0D8B01200A00E3CEC80
:1055C80009F0E7EC36F0F34AF42AF3D7E8CFF3FF13
:1055D8002A6A2B6AF3500608296E28507A08E96E61
:1055E800E9380F0BD96EE9500F0BE16EB00E2CECB9
:1055F80009F0F0EC36F0100E26EC09F0F0EC36F07D
:10560800E1CF3FF0406AF0EC36F0F36AF46A360E08
:1056180012EC09F008E2C80E1CEC09F0E7EC36F0D1
:10562800F34AF42AF4D7B10E2CEC09F0F0EC36F07A
:10563800100E26EC09F0F0EC36F0E1CF3FF0406AAE
:10564800F0EC36F0360E2A24F36E000E2B20F46EA2
:105658006C0E12EC09F0D8B01200C80E1CEC09F060
:10566800E7EC36F0F34AF42AF3D7E8CFF3FF2A6AD7
:105678002B6AF3500608296E28507A08E96EE93833
:105688000F0BD96EE9500F0BE16EB00EA6EC08F0C7
:10569800F0EC36F0100EA0EC08F0F0EC36F0E1CFAC
:1056A8003FF0406AF0EC36F0F36AF46A360E8CECA0
:1056B80008F008E2340E96EC08F0E7EC36F0F34A0E
:1056C800F42AF4D7B10EA6EC08F0F0EC36F0100E80
:1056D800A0EC08F0F0EC36F0E1CF3FF0406AF0ECD7
:1056E80036F0360E2A24F36E000E2B20F46E6C0E64
:1056F8008CEC08F0D8B01200340E96EC08F0E7EC09
:1057080036F0F34AF42AF3D7E8CFF3FF286A296A78
:10571800F3500608276E26507A08E96EE9380F0B11
:10572800D96EE9500F0BE16EB00EDBEC0BF0F0EC2C
:1057380036F0100ECDEC0BF0F0EC36F0E1CF3FF088
:10574800406AF0EC36F0F36AF46A3A0EB9EC0BF002
:1057580008E2E80EC3EC0BF0E7EC36F0F34AF42A63
:10576800F4D7B10EDBEC0BF0F0EC36F0100ECDEC0C
:105778000BF0F0EC36F0E1CF3FF0406AF0EC36F099
:105788003A0E2824F36E000E2920F46E740EB9EC3C
:105798000BF0D8B01200E80EC3EC0BF0E7EC36F0D3
:1057A800F34AF42AF3D7E8CFF3FF2A6A2B6AF350B7
:1057B8000608296E28507A08E96EE9380F0BD96E69
:1057C800E9500F0BE16EB00E86EC08F0F0EC36F005
:1057D800100E80EC08F0F0EC36F0E1CF3FF0406AB4
:1057E800F0EC36F0F36AF46A360E6CEC08F008E276
:1057F8005C0E76EC08F0E7EC36F0F34AF42AF4D7BE
:10580800B10E86EC08F0F0EC36F0100E80EC08F0E3
:10581800F0EC36F0E1CF3FF0406AF0EC36F0360EAF
:105828002A24F36E000E2B20F46E6C0E6CEC08F03C
:10583800D8B012005C0E76EC08F0E7EC36F0F34ACC
:10584800F42AF3D7E8CF27F0F36AF46A275006085A
:10585800286E26507A08E96EE9380F0BD96EE950A0
:105868000F0BE16EB00E3FEC07F0F0EC36F0100EC7
:1058780039EC07F0F0EC36F0E1CF3FF0406AF0EC9D
:1058880036F0296A2A6A100E2FEC07F008E2000E9B
:105898003F6A406AE7EC36F0294A2A2AF4D7B10E63
:1058A8003FEC07F0F0EC36F0100E39EC07F0F0ECB6
:1058B80036F0E1CF3FF0406AF0EC36F0100EF324FA
:1058C800296E000EF4202A6E200E2FEC07F0D8B0B7
:1058D8001200000E3F6A406AE7EC36F0294A2A2A8D
:1058E800F3D73AD00001FE6BFF6BC36BC46B9A6BA6
:1058F8009B6B12008A908A920001929192939295E2
:1059080092979299929D929F9A6B9B6B120054EF7B
:1059180018F000019705D8B412009751020AD8B4BC
:10592800120054EC18F054EF18F012008A908A9282
:10593800000192919293929592979299929D929F3B
:10594800FE6BFF6BC36BC46B9A6B9B6B14EF37F0EA
:105958008A908A9214EF37F01E50C4E0010ACAE018
:10596800030AD5E0010AD5E0070AE0E0010ADEE013
:10597800030ADBE0010AECE00D0AC9E01200506AF4
:10598800516A526A4E0E566E000E576E470E546E8E
:10599800000E556E85EC32F04D6E4F0E566E000EB1
:1059A800576E4A0E546E000E556E85EC32F04D1A45
:1059B8004F5002E04E6602D097EF06F04F507B0F33
:1059C8004E26070E4F6E47B090EC06F0D89049323D
:1059D80048324732D8904A364B364C364F2EF3D79A
:1059E800090E4F6E47B090EC06F0D8904932483215
:1059F8004732D8905232513250324F2EF3D74EC0E0
:105A080056F0500E546E000E556ED4EC1FF04D50EB
:105A1800D8A4528E97EF06F01A501C0A14E101011F
:105A28000C6711D0010E0C6FFF0E0001A71FEA6B67
:105A3800EB6B01012C6B0001A76705D0190E226ED4
:105A4800060EAFEC26F01A509C0A19E101010C670A
:105A580016D0010E0C6F0001A71FEA6BEB6BA75164
:105A680004E0010E01012C6F02D001012C6B000132
:105A7800A76705D0190E226E060EAFEC26F00001BE
:105A8800A75115E001012C51D8A412000001EA4BDE
:105A9800EB2B9A0EEA5D3A0EEB59D8A01200A76BD1
:105AA800EA6BEB6B190E226E060EAFEF26F0AAEF2B
:105AB8002DF02A6A2B6A2C6A280E356E000E366E77
:105AC800210E336E000E346EBCEC32F0276E290EB8
:105AD800356E000E366E240E336E000E346EBCEC3E
:105AE80032F0271A295002E0286602D0E8EF0BF0BE
:105AF80029507B0F2826070E296E21B0E1EC0BF008
:105B0800D890233222322132D890243625362636B0
:105B1800292EF3D7090E296E21B0E1EC0BF0D890AD
:105B2800233222322132D8902C322B322A32292E9B
:105B3800F3D728C035F02A0E336E000E346E3AECD7
:105B480020F02750D8A42C8EE8EF0BF0D351D8A41E
:105B58001200010124510AE0010A13E0030A25E0BA
:105B6800010A33E089962D6B246B12000001F66B55
:105B7800F76BF46BF56B899601012D6B010E246FA1
:105B8800010C8986010E01012D6F0001F44BF52BE4
:105B98000C0EF45D000EF559D8A01200020E01019A
:105BA800246F0001F66BF76B1200899601012D6BCB
:105BB8000001F64BF72BEA0EF65D030EF759D8A055
:105BC8001200030E0101246F030C0001F66BF76B42
:105BD800F46BF56B899601012D6B010E246F010C96
:105BE800DD51020D600EF324E96EEA6A000EEA2226
:105BF80028C0EEFF29C0EDFFDD2BE16A2A6A2B6A77
:105C0800DD510A0AD8B4DD6BD96AD950020D600E8D
:105C1800F324E96EEA6A000EEA22EE502A26ED50D5
:105C28002B22D92A090ED964F0D70A0E326E000E3B
:105C3800336A2AC030F02BC031F026EC34F030C083
:105C48002AF031C02BF0E70E2A5C030E2B5804E330
:105C5800E70E2A6E030E2B6E010E2A5C000E2B58DF
:105C680002E22A6A2B6A2AC028F02BC029F0120007
:105C7800080E4F6E506A140E4D5C000E4E5808E226
:105C8800020E4F6E506A0001A16F000EA26B2ED05B
:105C9800500E4D5C000E4E5813E3140E83EC06F0C4
:105CA8004BEC34F051C04FF052C050F00F0E7BEC6B
:105CB80006F057EC36F072EC06F04BEC34F012D0EC
:105CC8000A0E83EC06F04BEC34F051C04FF052C092
:105CD80050F0110E7BEC06F057EC36F072EC06F043
:105CE8004BEC34F051C0A1F052C0A2F04FC0E4F028
:105CF80050C0E5F04FC0A1F050C0A2F01200080E4D
:105D0800256E266A140E235C000E245807E2020E44
:105D1800F36EF46AA16F000EA26B2ED0500E235CB6
:105D2800000E245813E3140E5AEC08F026EC34F055
:105D380030C0F3FF31C0F4FF0F0E52EC08F02BEC2B
:105D480036F049EC08F026EC34F012D00A0E5AEC82
:105D580008F026EC34F030C0F3FF31C0F4FF110E28
:105D680052EC08F02BEC36F049EC08F026EC34F055
:105D780030C0A1F031C0A2F0F3CFE4F0F4CFE5F0E9
:105D8800F3CFA1F0F4CFA2F012002B0E356E000E67
:105D9800366E260E336E000E346EBCEC32F02A6E70
:105DA80026502C6E27502D6E28502E6E2F6A8E0E80
:105DB8002B5E2BAE0ED02B50800A8F0F02E267EFBE
:105DC80008F0D8902F322E322D322C322B3EF9D7B4
:105DD8000DD01F0E2B6408D067EF08F0D8902C3632
:105DE8002D362E362F362B062B66F8D72A5008E08C
:105DF8002F1E2E1E2D1E2C6C000E2D222E222F2221
:105E08002CC026F02DC027F02EC028F02FC029F076
:105E180012004C0E566E000E576E470E546E000E52
:105E2800556E85EC32F04B6E47504D6E48504E6EB5
:105E380049504F6E506A8E0E4C5E4CAE0ED04C5090
:105E4800800A8F0F02E28BEF06F0D89050324F3263
:105E58004E324D324C3EF9D70DD01F0E4C6408D04F
:105E68008BEF06F0D8904D364E364F3650364C06EE
:105E78004C66F8D74B5008E0501E4F1E4E1E4D6C16
:105E8800000E4E224F2250224DC047F04EC048F01F
:105E98004FC049F050C04AF01200156621D081CF9A
:105EA800BAF0BB6BBA1FBB1F200EBA17BB6BBA5137
:105EB800200ABB1111E1162A000E172218221922F6
:105EC8002D0E165C010E1758000E1858000E1958A2
:105ED80007E3010E156E04D0166A176A186A196A64
:105EE8001504D8A41200000181CFBAF0BB6BBA1F09
:105EF800BB1F200EBA17BB6BBA51200ABB1109E1B0
:105F080012C029F013C02AF0640E286E000E92EF1A
:105F180025F070EC34F0156A090E146E090CE8CF00
:105F2800D9FFD9CFE1FF2E50E15CD8B01200D9508B
:105F3800B7083F6E000ED8A0E82A0008406EF0ECC3
:105F480036F0800E316E326A3050315E000E325AB1
:105F5800040E336E323432323132332EFBD73150A5
:105F6800F36E100F3F6E406A000E4022F0EC36F0E0
:105F7800305080080F0BF36EF3CF3FF0406AF0EC1F
:105F880036F0D92A2FC0E9FF3050E95C07E2000E4D
:105F98003F6A406AE7EC36F0E92AF6D7E12AC3D728
:105FA8000D0E445D010E455902E2050E1DD0150E79
:105FB800445D010E455902E20A0E16D0280E445DD2
:105FC800010E455902E2010E0FD0300E445D010E5C
:105FD800455902E2020E08D03F0E445D010E4559B4
:105FE80002E2030E01D0040E0001C96F01011C5129
:105FF8000001C9630AD0F24BF32B330EF25D000E99
:10600800F35905E3C9C094F002D0F26BF36BC9C031
:106018001CF182B202D0948F1200949F1200CE67B6
:1060280009D0010ECE6FC76BC86B8A820001D76B8F
:1060380092991200CE0510E1C74BC82B050EC75D1B
:10604800000EC85906E38A92020E0001CE6FC76B94
:10605800C86BD76B92991200CE51020AD8A41200CD
:10606800C74BC82B330EC75D000EC85913E3CE6B60
:10607800C76BC86B10C04DF011C04EF0A1514D2632
:10608800A2514E224D507D5D4E507E5903E2CF6B9A
:10609800AB6BAC6BD76B92991200546A52AE06D0B8
:1060A800516C521ED8B0522A010E546E50AE06D012
:1060B8004F6C501ED8B0502A010E541A556A566AB1
:1060C800525051101BE0010E536ED89052BE05D0AD
:1060D80051365236532AF9D7D8905536563651503C
:1060E8004F5C5250505805E351504F5E5250505A31
:1060F8005580D89052325132532EEED7545004E086
:10610800556C561ED8B0562A55C04FF056C050F0A0
:106118001200256A266AF36AF46A8D94B00EF32495
:106128003F6E000EF420406EF0EC36F0100E3F6E1D
:10613800000E406AF0EC36F0000E3F6A406AF0EC60
:1061480036F0236A246A6A0E2524F66EE80E2620A5
:10615800F76E0800F5503F6E406AE7EC36F0254AC6
:10616800262A234A242A800E235C000E2458EBE3B7
:10617800F34AF42A080EF35C000EF458D8B0120063
:10618800CCD7286A296AF36AF46A8D94B00EF3248E
:106198003F6E000EF420406EF0EC36F0100E3F6EAD
:1061A800000E406AF0EC36F0000E3F6A406AF0ECF0
:1061B80036F0266A276A6A0E2824F66ED80E292039
:1061C800F76E0800F5503F6E406AE7EC36F0284A53
:1061D800292A264A272A800E265C000E2758EBE338
:1061E800F34AF42A080EF35C000EF458D8B01200F3
:1061F800CCD7286A296AF36AF46A8D94B00EF3241E
:106208003F6E000EF420406EF0EC36F0100E3F6E3C
:10621800000E406AF0EC36F0000E3F6A406AF0EC7F
:1062280036F0266A276A6A0E2824F66ED40E2920CC
:10623800F76E0800F5503F6E406AE7EC36F0284AE2
:10624800292A264A272A800E265C000E2758EBE3C7
:10625800F34AF42A080EF35C000EF458D8B0120082
:10626800CCD7256A266AF36AF46A8D94B00EF324B3
:106278003F6E000EF420406EF0EC36F0100E3F6ECC
:10628800000E406AF0EC36F0000E3F6A406AF0EC0F
:1062980036F0236A246A6A0E2524F66ED00E26206C
:1062A800F76E0800F5503F6E406AE7EC36F0254A75
:1062B800262A234A242A800E235C000E2458EBE366
:1062C800F34AF42A080EF35C000EF458D8B0120012
:1062D800CCD7256A266AF36AF46A8D94B00EF32443
:1062E8003F6E000EF420406EF0EC36F0100E3F6E5C
:1062F800000E406AF0EC36F0000E3F6A406AF0EC9F
:1063080036F0236A246A6A0E2524F66ECC0E2620FF
:10631800F76E0800F5503F6E406AE7EC36F0254A04
:10632800262A234A242A800E235C000E2458EBE3F5
:10633800F34AF42A080EF35C000EF458D8B01200A1
:10634800CCD7286A296AF36AF46A8D94B00EF324CC
:106358003F6E000EF420406EF0EC36F0100E3F6EEB
:10636800000E406AF0EC36F0000E3F6A406AF0EC2E
:1063780036F0266A276A6A0E2824F66EDC0E292073
:10638800F76E0800F5503F6E406AE7EC36F0284A91
:10639800292A264A272A800E265C000E2758EBE376
:1063A800F34AF42A080EF35C000EF458D8B0120031
:1063B800CCD7286A296AF36AF46A8D94B00EF3245C
:1063C8003F6E000EF420406EF0EC36F0100E3F6E7B
:1063D800000E406AF0EC36F0000E3F6A406AF0ECBE
:1063E80036F0266A276A6A0E2824F66EE40E2920FB
:1063F800F76E0800F5503F6E406AE7EC36F0284A21
:10640800292A264A272A800E265C000E2758EBE305
:10641800F34AF42A080EF35C000EF458D8B01200C0
:10642800CCD7286A296AF36AF46A8D94B00EF324EB
:106438003F6E000EF420406EF0EC36F0100E3F6E0A
:10644800000E406AF0EC36F0000E3F6A406AF0EC4D
:1064580036F0266A276A6A0E2824F66EE00E29208E
:10646800F76E0800F5503F6E406AE7EC36F0284AB0
:10647800292A264A272A800E265C000E2758EBE395
:10648800F34AF42A080EF35C000EF458D8B0120050
:10649800CCD7286A296AF36AF46A8D94B00EF3247B
:1064A8003F6E000EF420406EF0EC36F0100E3F6E9A
:1064B800000E406AF0EC36F0000E3F6A406AF0ECDD
:1064C80036F0266A276A6A0E2824F66EEC0E292012
:1064D800F76E0800F5503F6E406AE7EC36F0284A40
:1064E800292A264A272A800E265C000E2758EBE325
:1064F800F34AF42A080EF35C000EF458D8B01200E0
:10650800CCD754C0E9FF55C0EAFF010EEB34020EA8
:10651800EB34586E56C0E9FF57C0EAFF58C0EFFF8A
:10652800586608D054C0E9FF55C0EAFFEE6AEE6A23
:10653800ED6A000C586A54C0E9FF55C0EAFF010E25
:10654800EB8E54C0E9FF55C0EAFFEECF59F0EECF0D
:106558005AF0EECF5BF05BBE582A54C0E9FF55C035
:10656800EAFFFF0EEE16EE16000EED16585012005A
:1065780033C0E9FF34C0EAFF010EEB34020EEB34FE
:10658800376E35C0E9FF36C0EAFF37C0EFFF376620
:1065980008D033C0E9FF34C0EAFFEE6AEE6AED6A5C
:1065A800000C376A33C0E9FF34C0EAFF010EEB8EF6
:1065B80033C0E9FF34C0EAFFEECF38F0EECF39F050
:1065C800EECF3AF03ABE372A33C0E9FF34C0EAFFCB
:1065D800FF0EEE16EE16000EED1637501200E8CF3D
:1065E80051F0526A536A3F0EC21651C054F00F0E52
:1065F800541654465446C2505418C30B5418C26E0D
:10660800C282C2B2FED7C450556EC350546EFF0B3F
:10661800526E030E5514536E000E525C040E5358FE
:1066280003E35268030E536E010E525C000E53587A
:1066380002E2526A536AC29252C04FF053C050F0FD
:106648001200E8CFF4FFF4500608D96E23507A08F8
:10665800E16EE1380F0BF36EE1500F0BE96EB00EEF
:10666800D924FEEC0BF0F0EC36F0100EF324FEEC1F
:106678000BF0F0EC36F0E9CF3FF0406AF0EC36F082
:10668800D96A1F0ED924F66EF76AFF0EF7220800A2
:10669800F5503F6E406AE7EC36F0D92A060ED96409
:1066A800F0D7060CE8CFF4FFF4500608D96E28504E
:1066B8007A08E16EE1380F0BF36EE1500F0BE96ECB
:1066C800B00ED924EFEC0BF0F0EC36F0100EF324FA
:1066D800EFEC0BF0F0EC36F0E9CF3FF0406AF0EC6D
:1066E80036F0D96A030E3F6E000E406AE7EC36F0CA
:1066F800D92A090ED964F6D7090CE8CFF4FFF4506B
:106708000708D96E28507A08E16EE1380F0BF36E4E
:10671800E1500F0BE96EB00ED9249EEC06F0F0ECB8
:1067280036F0100EF3249EEC06F0F0EC36F0E9CFCC
:106738003FF0406AF0EC36F0D96A010E3F6E000E69
:10674800406AE7EC36F0D92A050ED964F6D7050C6D
:10675800000192A306D01E0402E1010E07D0050E27
:1067680005D092A707D01E0403E1040E7C6F13D056
:10677800060EFCD792A102D0030EF8D792A502D03C
:10678800020EF4D792A902D0070EF0D792AB02D02E
:10679800080EECD77C6B7C5103E00101046B056BA0
:1067A8003DEF35F0E8CFF4FFF4500608D96E2350DA
:1067B8007A08E16EE1380F0BF36EE1500F0BE96ECA
:1067C800B00ED924F9EC0BF0F0EC36F0100EF324EF
:1067D800F9EC0BF0F0EC36F0E9CF3FF0406AF0EC62
:1067E80036F0D96A000E3F6A406AE7EC36F0D92ADB
:1067F800060ED964F7D7060C1E0409E01E50040AD9
:1068080006E01E50050A03E01E50080A16E10001C2
:10681800F84BF92B980EF85D3A0EF9590CE3980EDF
:10682800F86F3A0EF96F928BD66702D01EC0D6F079
:10683800080E1E6E080C929B12000001F86BF96B93
:10684800929B1200356A366A335032101BE0010EF3
:10685800346ED89033BE05D032363336342AF9D761
:10686800D890353636363250305C3350315805E3DF
:106878003250305E3350315A3580D890333232320C
:10688800342EEED735C030F036C031F01200566ADB
:10689800576A545053101BE0010E556ED89054BEE1
:1068A80005D053365436552AF9D7D8905636573628
:1068B8005350515C5450525805E35350515E545054
:1068C800525A5680D89054325332552EEED756C06D
:1068D80051F057C052F01200D96A8D94B00ED924E5
:1068E8003F6E406A000E4022F0EC36F0100E3F6E0C
:1068F800000E406AF0EC36F0000E3F6A406AF0EC99
:1069080036F0E16A000E3F6A406AE7EC36F0E12AA9
:10691800830EE164F7D7D92A080ED964DED7080CAC
:106928000101464B472B040E465D000E475909E30B
:106938009EEC36F045C07FF046C080F00101466B02
:10694800476B484B492BFB0E0101485D000E495926
:10695800D8A0120092EC36F045C044F146C045F18B
:10696800486B496B12001E6A0001816B0101046BC0
:10697800056B1A6A0001B26B936BD96B7C6B7A6BEF
:106988007B6B01012B6B780E0001F66F050EF76F1C
:10699800F46BF56B996B0101236B066B076B0001B8
:1069A8007A6B7B6B956B966B8F6B12002BC02CF000
:1069B80028C0F6FF44EC08F0D8B412002CC02EF022
:1069C8002AC02DF028C0F6FF44EC08F0AFEC12F016
:1069D800284A292A28C0F6FF29C0F7FF0800F550E1
:1069E800200A02E1020E01D0070E2C26E1D72BC0A7
:1069F800E9FF28C0F6FF52EC09F0D8B41200E9CF3D
:106A08002DF02AC02CF028C0F6FF52EC09F015EC46
:106A18001AF0284A292A28C0F6FF29C0F7FF0800DB
:106A2800F550200A02E1030E01D0080EE926E1D74D
:106A38002BC0E9FF28C0F6FF62EC08F0D8B41200BA
:106A4800E9CF2DF02AC02CF028C0F6FF62EC08F040
:106A58009CEC1AF0284A292A28C0F6FF29C0F7FF1B
:106A68000800F550200A02E1030E01D0080EE926BD
:106A7800E1D701012D6705D0126B136B89962D6B39
:106A88001200124B132B0C0E0101125D000E13594C
:106A9800D8A012000F0E126F136B0001F66BF76B84
:106AA800020E0101246F89962D6B12000001A75177
:106AB8000DE0320E306E2F6A080E2E6E060E93EC25
:106AC8002FF0190E266E060EAFEC23F0000193513D
:106AD800730E04E0266E060E2BEF22F0266E060ECD
:106AE80052EF26F02750261004E1266A276A286A02
:106AF800120026C029F027C02AF02B6A8E0E356EA8
:106B0800290E336E000E346E3AEC20F029C026F0C0
:106B18002AC027F02BC028F012004850471004E183
:106B2800476A486A496A120047C04AF048C04BF0B1
:106B38004C6A8E0E566E4A0E546E000E556ED4EC8C
:106B48001FF04AC047F04BC048F04CC049F0120053
:106B58003350321017E0010EE96E33BE05D0D890DD
:106B680032363336E92AF9D73250305C335031584F
:106B780004E33250305E3350315AD89033323232D7
:106B8800E92EF2D71200516A526A4F504D5C5050AC
:106B98004E5806E34F504D5C516E50504E58526E51
:106BA800050E515C000E525804E2050E516E000E9F
:106BB800526A51C04DF052C04EF01200F36AF46AA6
:106BC800F450800A276E2350F35C2450800A27581B
:106BD800D8B01200256A266A254A262A2650800A35
:106BE800800F0A0ED8B4255CF7E3F34AF42AE8D7F5
:106BF8001A5003E0010E0001D36F0001D351D8B43D
:106C0800120001012B671200192B050E196504D01B
:106C180089962D6BC0EF36F08986010E01012D6F24
:106C2800010C370E926E896A806AFC0E936E816A37
:106C38008A6A030E946E826A8B6A8C6A956A836A82
:106C48008D6A966A846A0F014869496912003A6A2E
:106C58003B6A36A004D038503A2639503B22D890A7
:106C680038363936D8903732363237503610F1E167
:106C78003AC036F03BC037F01200A684D890F2BE76
:106C8800D880F29E550EA76EAA0EA76EA68200F0B7
:106C980000F000F000F000F000F0A6B2FED7A694D5
:106CA800D8B0F29E1200556A566A51A004D05350CB
:106CB800552654505622D89053365436D8905232CE
:106CC800513252505110F1E155C051F056C052F0B6
:106CD800120021C0F6FF22C0F7FF23C0F8FF090009
:106CE800F5CFF3FFF46AF350F46EF36A0900F55038
:106CF800F312F3CF21F0F4CF22F0120021C0F6FFF7
:106D080022C0F7FF23C0F8FF2650F56E0D0025C0FE
:106D1800F5FF0C00A698A68A41EF36F0020E0FEC9C
:106D280029F049C047F04AC048F047C045F048C07C
:106D380046F01200000EBEEC28F049C047F04AC0E9
:106D480048F047C045F048C046F01200200EF26EE9
:106D5800800EF16ED80ED76EEF0ED66E830ED56EFE
:106D6800830C8B9A8B9C8B880101282B320E28650B
:106D7800320C286B8B8812000001D36B010E0101C5
:106D88002B6F196BCC6A89962D6B1200D36B01019E
:106D98002B6B196B89962D6BCC6A89962D6B12001B
:106DA8000F01489148934895010EC26EBE0EC16E00
:106DB800C280BE0C126A136A146A156A166A176AC8
:106DC800186A196A12008D94898E8D808D923FC041
:106DD8008CFF8D848D9012008D94899E8D808D926C
:106DE8003FC08CFF8D908D84120021C0F6FF22C019
:106DF800F7FF23C0F8FFA68841EF36F00001946B37
:106E080001011C6B0001C96B1200700ED36E9B8CC4
:106E1800D3B61200FDD70001996712008B8C1200BF
:106E28000F0E01011A170F0CF00E01011A13F00CC6
:0C6E3800340E796EA082340C94EF34F01C
:10C66A0000000000000000000000000000000000C0
:10C67A0000001C3F3F1C0000000000B0B00000009A
:10C68A0000707800007870000000000000000000D0
:10C69A00041F1F041F1F040040F0F040F0F0400088
:10C6AA001C3E22E2E2331900C060203838E0C000A4
:10C6BA000C0C000103060C003060C0800030300012
:10C6CA00011B3E273D1B0200E0F01010E0F01000B5
:10C6DA000008787000000000000000000000000060
:10C6EA0000000F1F302000000000C0E030100000E2
:10C6FA00000020301F0F000000001030E0C00000D2
:10C70A0001050703030705010040C08080C04000FF
:10C71A000001010707010100000000C0C00000007D
:10C72A00000000000000000000000878700000000F
:10C73A0001010101010101000000000000000000E8
:10C74A00000000000000000000000030300000007F
:10C75A000000000103060C003060C08000000000E9
:10C76A001F3F2023243F1F00E0F0901010F0E0004C
:10C77A000008183F3F000000001010F0F0101000F1
:10C78A0010302123263C180070F090101030300031
:10C79A0010302222223F1D002030101010F0E0003D
:10C7AA0003070D193F3F010000000010F0F01000D0
:10C7BA003E3E2222232321002030101010F0E000F8
:10C7CA000F1F322222030100E0F0101010F0E000E7
:10C7DA0030302021233E3C000000F0F00000000031
:10C7EA001D3F2222223F1D00E0F0101010F0E00051
:10C7FA001C3E2222223F1F000010101030E0C00011
:10C80A000000000C0C000000000000606000000046
:10C81A000000000C0C000000000010706000000016
:10C82A00000103060C181000000080C060301000E0
:10C83A000202020202020200404040404040400020
:10C84A000010180C0603010000103060C0800000C0
:10C85A0018382023273C1800000000B0B000000060
:10C86A000F1F1013131F0F00E0F010D0D0D080005C
:10C87A00070F1931190F0700F0F0000000F0F0005F
:10C88A00203F3F22223F1D0010F0F01010F0E00080
:10C89A000F1F302020301800C0E030101030600028
:10C8AA00203F3F20301F0F0010F0F01030E0C00092
:10C8BA00203F3F222730380010F0F010103070006F
:10C8CA00203F3F222730380010F0F010000000000F
:10C8DA000F1F302121311900C0E0301010E0F000A4
:10C8EA003F3F0202023F3F00F0F0000000F0F0007C
:10C8FA000000203F3F200000000010F0F010000070
:10C90A00000000203F3F2000E0F01010F0E000009F
:10C91A00203F3F030F3C300010F0F00080F0700021
:10C92A00203F3F200000000010F0F010103070008F
:10C93A003F3F1C0E1C3F3F00F0F0000000F0F000EB
:10C94A003F3F1C0E073F3F00F0F0000000F0F000F0
:10C95A000F1F3020301F0F00C0E0301030E0C00041
:10C96A00203F3F22223E1C0010F0F0100000000081
:10C97A001F3F2020203F1F00E0F010703CFCE40025
:10C98A00203F3F22233F1C0010F0F00000F0F0008F
:10C99A00183C2622233918006070101010F0E000AD
:10C9AA000038303F3F303800000010F0F01000002F
:10C9BA003F3F0000003F3F00E0F0101010F0E000A1
:10C9CA003F3F0000003F3F0080C0603060C08000F1
:10C9DA003F3F0001003F3F00C0F070C070F0C00050
:10C9EA00303C0F030F3C300030F0C000C0F0300084
:10C9FA00003C3E03033E3C00000010F0F010000033
:10CA0A0038302123263C380070F090101030700026
:10CA1A0000003F3F202000000000F0F0101000004E
:10CA2A001C0E07030100000000000080C0E0700037
:10CA3A00000020203F3F000000001010F0F000002E
:10CA4A00103060C0603010000000000000000000DC
:10CA5A0000000000000000000404040404040404AC
:10CA6A000000C0E0200000000000000000000000FC
:10CA7A000005050507030000E0F01010E0F01000C3
:10CA8A00203F3F040603010010F0E01010F0E00020
:10CA9A000307040404060200E0F01010103020001E
:10CAAA00010306243F3F0000E0F01010E0F0100000
:10CABA000307050505070300E0F0101010302000F9
:10CACA00021F3F223018000010F0F0100000000092
:10CADA000307040403070400E4F61212FEFC000034
:10CAEA00203F3F020407030010F0F00000F0F000BE
:10CAFA000000043737000000000010F0F0100000BA
:10CB0A000000000004373700000C0E0202FEFC0091
:10CB1A00203F3F010306040010F0F080C07030008F
:10CB2A000000203F3F000000000010F0F01000005D
:10CB3A000707060306070300F0F000F000F0F00014
:10CB4A00040703040407030000F0F00000F0F000FB
:10CB5A000307040404070300E0F0101010F0E000DB
:10CB6A00040703040407030002FEFE1210F0E000AB
:10CB7A000307040403070400E0F01012FEFE02009B
:10CB8A00040703060406030010F0F010000000007A
:10CB9A00020705040406020020309090D07020009D
:10CBAA0004041F3F040400000000E0F010302000DD
:10CBBA000707000007070000E0F01010E0F010007F
:10CBCA00000707000007070000C0E03030E0C0009F
:10CBDA000707000000070700E0F030E030F0E0004F
:10CBEA0004060301030604001030E0C0E030100020
:10CBFA000707000000070700E2F2121216FCF8000D
:10CC0A0006060405070604003070D0901030300084
:10CC1A000002021F3D202000000000E0F01010007A
:10CC2A003F3F3F3131313000FCFCFC808080000006
:10CC3A000020203D1F020200001010F0E00000005A
:10CC4A0010302030103020000000000000000000EA
:10CC5A000103060C06030100E0E0202020E0E000CA
:10CC6A0000000000000000000000000000000000BA
:10CC7A0000000000000000000000000000000000AA
:10CC8A00000000000000000000000000000000009A
:10CC9A00000000000000000000000000000000008A
:10CCAA00000000000000000000000000000000007A
:10CCBA00000000000000000000000000000000006A
:10CCCA00000000000000000000000000000000005A
:10CCDA00000000000000000000000000000000004A
:10CCEA00000000000000000000000000000000003A
:10CCFA00000000000000000000000000000000002A
:10CD0A0000000000101000000010F0F0F010000009
:10CD1A00001010000080C070F0C000C070F08000E9
:10CD2A0000001010000000000010F0F010001010B9
:10CD3A000000F0F0C080001010F0F01000000000B9
:10CD4A0000000000000000000000000000000000D9
:10CD5A0000000000000000000000000000000000C9
:10CD6A0000000000000000000000000000000000B9
:10CD7A0000000000000000000000000000000000A9
:10CD8A00000000000000003830203F3F3F203038CC
:10CD9A0000000020383F2300233F3F2300233F3C6D
:10CDAA0030200000001E3F3321213F3F2020000099
:10CDBA0000203F3F21030F1E3C3F3F202000000080
:10CDCA000000000000000000000000000000000059
:10CDDA000000000000000000000000000000000049
:10CDEA000000000000000000000000000000000039
:10CDFA000000000000000000000000000000000029
:10CE0A000000000000000000000000000000000018
:10CE1A000000000000000000000000000000000008
:10CE2A0000000000000000000000000000000000F8
:10CE3A0000000000000000000000000000000000E8
:10CE4A0000000000000000000000000000000000D8
:10CE5A0000000000000000000000000000000000C8
:10CE6A0000000000000000000000000000000000B8
:10CE7A00000000000004FCFCFC0400FCFC7CF0E068
:10CE8A00C084FCFC0404FCFCFC040004FCFCFCFC68
:10CE9A0004C0F0FCFCF0C004FCFC0404C0C0C0C028
:10CEAA00C0C000C0F0F8F81C040606060E1CFCF808
:10CEBA00F0C0040C3C7CF8F0C004FCFCFC04040048
:10CECA00000080808484FCFCFC0404000000000054
:10CEDA000000000000000000000000000000000048
:10CEEA000000000000000000000000000000708048
:10CEFA00F0807080F0880F0F0F08080F0F080001EC
:10CF0A00070F0F0F08080F0F0F0800C0FFFFFFFFE2
:10CF1A003E070100071F7FFEFFFFC0C000000000A0
:10CF2A00000000071F3F7F60E0C0C0C0C0607F3FB5
:10CF3A001F07001C7E7EFFE3C1C1FFFFFFC0C03C8C
:10CF4A007F7FFFE3C1E1FFFFFFE0C00000000000B8
:10CF5A0000000000000000000000000000000000C7
:10CF6A0000000000000000000000000000000000B7
:10CF7A0000000000000000000000000000000000A7
:10CF8A000000000000000000000000000000000097
:10CF9A000000000000000000000000000000000087
:10CFAA000000000000000000000000000000000077
:10CFBA000000000000000000000000000000000067
:10CFCA000000000000000000000000000000000057
:10CFDA000000000000000000000000000000000047
:10CFEA000000000000000000000000000000000037
:10CFFA000000000000000000000000000000000027
:10D00A000000000000000000000000000000000016
:10D01A000000000000000000000000000000000006
:10D02A0000000000000000000000000000000000F6
:10D03A0000000000000000000000000000000000E6
:10D04A0000000000000000000000000000000000D6
:10D05A0000000000000000000000000000000000C6
:10D06A0000000000000000000000000000000000B6
:10D07A0000000000000000000000000000000000A6
:10D08A000000000000000000000000000000000096
:10D09A000000000000000000000000000000000086
:10D0AA000000000000000000000000000000000076
:10D0BA000000000000000000000000000000000066
:10D0CA000000000000000000000000000000000056
:10D0DA000000000000000000000000000000000046
:10D0EA000000000000000000000000000000000036
:10D0FA000000000000000000000000000000000026
:10D10A000000000000000000000000000000000015
:10D11A000000000000000000000000000000000005
:10D12A0000000000000000000000000000000000F5
:10D13A0000000000000000000000000000000000E5
:10D14A0000000000000000000000000000000000D5
:10D15A0000000000000000000000000000000000C5
:10D16A0000000000000000000000000000000000B5
:10D17A0000000000000000000000000000000000A5
:10D18A000000000000000000000000000000000095
:10D19A000000000000000000000000000000000085
:10D1AA000000000000000000000000000000000075
:10D1BA000000000000000000000000000000000065
:10D1CA000000000000000000000000000000000055
:10D1DA000000000000000000000000000000000045
:10D1EA00000000000000000000000000000004FC35
:10D1FA00FC0400F0F80C040CF8F00004040004FC31
:10D20A00FC04000000000004040080847CFC44EC60
:10D21A00A4A4EC7880F07C0C3CF0C0000000000074
:10D22A000000FCFC4000FCFC8080FCFC00FCFC4094
:10D23A0004FCFCC4601C7CE084FCFC04101010009C
:10D24A0078FC8484FC7880847CFC4480C04044FC64
:10D25A00FC040000000000000000000000000000C4
:10D26A0000000000000000000000000000000007AD
:10D27A00070200010306040603010000000000077C
:10D28A00070200000000000000000000000000008B
:10D29A000000000000000000000000000000000084
:10D2AA000000040400000000010100000004040062
:10D2BA000407070100000001070707040000000037
:10D2CA00000000000000000000000003070404073B
:10D2DA000704000000000000000000000000000039
:10D2EA000000000000000000000000000000000034
:10D2FA000000000000000000000000000000000024
:10D30A000000000000000000000000000000000013
:10D31A000000000000000000000000000000000003
:10D32A0000000000000000000000000000000000F3
:10D33A0000000000000000000000000000000000E3
:10D34A0000000000000000000000000000000000D3
:10D35A0000000000000000000000000000000000C3
:10D36A0000000000000000000000000000000000B3
:10D37A0000000000000000000000000000000000A3
:10D38A000000000000000000000000000000000093
:10D39A000000000000000000000000000000000083
:10D3AA000000000000000000000000000000000073
:10D3BA000000000000000000000000000000000063
:10D3CA000000000000000000000000000000000053
:10D3DA000000000000000000000000000000000043
:10D3EA000000000000000000000000000000000033
:10D3FA000000000000000000000000000000000023
:10D40A000000000000000000000000000000000012
:10D41A000000000000000000000000000000000002
:10D42A0000000000000000000000000000000000F2
:10D43A0000000000000000000000000000000000E2
:10D44A0000000000000000000000000000000000D2
:10D45A0000000000000000000000000000000000C2
:10D46A0000000000000000000000000000000000B2
:10D47A0000000000000000000000000000000000A2
:10D48A000000000000000000000000000000000092
:10D49A000000000000000000000000000000000082
:10D4AA000000000000000000000000000000000072
:10D4BA000000000000000000000000000000000062
:10D4CA000000000000000000000000000000000052
:10D4DA000000000000000000000000000000000042
:10D4EA000000000000000000000000000000000032
:10D4FA000000000000000000000000000000000022
:10D50A000000000000000000000000000000000011
:10D51A000000000000000000000000000000000001
:10D52A0000000000000000000000000000000000F1
:10D53A0000000000000000000000000000000000E1
:10D54A0000000000000000000000000000000000D1
:10D55A0000000000000000000000000000000000C1
:10D56A0000000000000000000000000000000000B1
:10D57A0000000000000000000000000000807C04A1
:10D58A00040000F048240000FC88888888FC0020F9
:10D59A0010080000FC888888FC00EC10A844008071
:10D5AA008080FC808080E098848000000000000079
:10D5BA0000808080FCFCFC0000000000000084E881
:10D5CA009090E8840480FC444000000000000000C1
:10D5DA000000000000000000000000000000000041
:10D5EA000000000000000000000000000000000031
:10D5FA000000000000000000000000080B0A0A1AE0
:10D60A002A0A080F02040003060202320A06020866
:10D61A00110200030602320A0600073C0704000052
:10D62A0010101F1010101F10100000000000000042
:10D63A00181919191F1F1F000000000000000C080C
:10D64A00182B080C00043F0404000000000000002E
:10D65A0000000000000000000000000000000000C0
:10D66A0000000000000000000000000000000000B0
:10D67A00000000000000000000000010A040A01000
:10D68A0000D0A0A0D0900000402020A09050505080
:10D69A00500000001090909090F01020C0201000D0
:10D6AA001010A040A0101040E00000000000000090
:10D6BA00F0E0E0C08080000000000000000010A040
:10D6CA004040A0101000F010000000000000000010
:10D6DA000000000000000000000000000000000040
:10D6EA000000000000000000000000000000000030
:10D6FA000000000000000000000000101F10F708E2
:10D70A005214FE19541200092A6C292C2A3AA96DBE
:10D71A002A090000342424242467A424252434005C
:10D72A00080BF28282F30A004F8800000000000012
:10D73A003F1F1F0F070703030000000000003223EA
:10D74A0062AE23320012FF11110000000000000037
:10D75A0000000000000000000000000000000000BF
:10D76A0000000000000000000000000000000000AF
:10D77A00000000000000000000000000000000009F
:10D78A00000000000000000000000000000000008F
:10D79A00000000000000000000000000000000007F
:10D7AA00000000000000000000000000000000006F
:10D7BA00000000000000000000000000000000005F
:10D7CA00000000000000000000000000000000004F
:10D7DA00000000000000000000000000000000003F
:10D7EA00000000000000000000000000000000002F
:10D7FA00000000000000000000000000000000001F
:10D80A00000000000000000000000000000000000E
:10D81A0000000000000000000000000000000000FE
:10D82A0000000000000000000000000000000000EE
:10D83A0000000000000000000000000000000000DE
:10D84A0000000000000000000000000000000000CE
:10D85A0000000000000000000000000000000000BE
:10D86A00FF010101010101010101010101010101A0
:10D87A00010101010101010101010101010101018E
:10D88A00010109F9F9090109F9F90901010909F976
:10D89A00F9090901010101010101010101010D9FBC
:10D8AA00D35353FFAD0109F9F9190909F9F1010136
:10D8BA00010909F9F9090901010101010109F9F946
:10D8CA000901010101010101010101010101010136
:10D8DA00010101010101010101010101010101FF30
:10D8EA00FF0000000000000000000000000000002F
:10D8FA00000000000000000000000000000000001E
:10D90A000000000103028283830302000020203FFB
:10D91A003F20200000000000000000000000020379
:10D92A0003020203010000030302000003030200D2
:10D93A000000003F3F202000001E3F2121213F3FE1
:10D94A0020000000000000000000000000000000AD
:10D95A00000000000000000000000000000000FFBE
:10D96A00FF000000000000000000000000000000AE
:10D97A00000000000000000000000000000000009D
:10D98A00000000F0F0F07070717372767E7C7C702B
:10D99A00707070F0F0F070707070707070707070FD
:10D9AA00707070707070707070707070707070706D
:10D9BA00F0F0F0F070707070787C7C767673F3F12A
:10D9CA00F00000000000000000000000000000005D
:10D9DA00000000000000000000000000000000FF3E
:10D9EA00FF0000000000000000000000000000002E
:10D9FA00000000000000000000000000FCFCFC1C0D
:10DA0A001C1C1CFFFFFF00000000000000000000BB
:10DA1A00000000000001030302000C1C101070F04B
:10DA2A00F0C0C0C0F0700000100C0C00000203032C
:10DA3A0001010000000000000000000000007F7FDC
:10DA4A007F0000000000000000000000000000004D
:10DA5A00000000000000000000000000000000FFBD
:10DA6A00FF000000000000000000000000000000AD
:10DA7A000000000000000000000000003F3F3F3CA3
:10DA8A003C3C3CFFFFFF00000000000000000000DB
:10DA9A008080404040203018180C0C060202000119
:10DAAA000101000101000204040C18183020204072
:10DABA00C080000000000000000000000000FCFC24
:10DACA00FC00000000000000000000000000000050
:10DADA00000000000000000000000000000000FF3D
:10DAEA00FF0000000000000000000000000000002D
:10DAFA00000000000000000000000000000000001C
:10DB0A000000000F0F2F2E3E1E1E0E0E0E0E0E0EC2
:10DB1A000E0E0E0E0E0E0E0E0E0E0E0E0E0E0E0E1B
:10DB2A000E0E0E0E0E0E0E0E0E0E0E0E0E0E0E0E0B
:10DB3A000E0F0F0F0E0E0E0E0E1E3E2E0E0E0F0F96
:10DB4A000F000000000000000000000000000000BC
:10DB5A00000000000000000000000000000000FFBC
:10DB6A00FF000000000000000000000000000000AC
:10DB7A00000000000000000000000000000000009B
:10DB8A00000000000000000000000000000000008B
:10DB9A00000000000000000000000000000000007B
:10DBAA00000000000000000000000000007EFE826D
:10DBBA00FEFE82FEFE8200C0C082C2FEFE82820299
:10DBCA007EFEA2A2B2DE4C0000000202FEFE0202AB
:10DBDA0000020E7EF2A0E2FE1E020000000000FF1C
:10DBEA00FF808080808080808080808080808080AC
:10DBFA00808080808080808080808080808080801B
:10DC0A00808080808080808080808080808080800A
:10DC1A0080808080808080808080808080808080FA
:10DC2A0080808080808080808080808080808080EA
:10DC3A0080808080808080808080808080808080DA
:10DC4A008080808080808080808080808F8F88889C
:10DC5A0080808080838F8F8180808080808080FF19
:10DC6A00FF0101010101010101010101010101019C
:10DC7A00010101010101010101010101010101018A
:10DC8A00010101010101010101010101010101017A
:10DC9A00717191919191F1E18181C1C1010171711A
:10DCAA0011F1E10101C1E1311111010101F1F1515A
:10DCBA004141F1F121F1F1010101010101010101EA
:10DCCA00010101010101010101010101010101013A
:10DCDA00010101010101010101010101010101FF2C
:10DCEA00FF0000000000000000000000000000002B
:10DCFA00000000000000000000000000000000001A
:10DD0A000000000000008080800000000000000089
:10DD1A0000003F3F2424FFFF24243F3F000020232C
:10DD2A00272F2B62F2BB2F2622200000445757557B
:10DD3A00FDFD5757444FCF88000000000000000047
:10DD4A0000000000000000000000000000000000C9
:10DD5A00000000000000000000000000000000FFBA
:10DD6A00FF000000000000000000000000000000AA
:10DD7A000000000000000000000000000000000099
:10DD8A00000000F0F0F07070717372767E7C7C7027
:10DD9A00707070F0F0F070707070707070707070F9
:10DDAA007070707070707070707070707070707069
:10DDBA00F0F0F0F070707070787C7C767673F3F126
:10DDCA00F000000000000000000000000000000059
:10DDDA00000000000000000000000000000000FF3A
:10DDEA00FF0000000000000000000000000000002A
:10DDFA00000000000000000000000000FCFCFC1C09
:10DE0A001C1C1CFFFFFF00000000000000000000B7
:10DE1A00000000000001030302000C1C101070F047
:10DE2A00F0C0C0C0F0700000100C0C000002030328
:10DE3A0001010000000000000000000000007F7FD8
:10DE4A007F00000000000000000000000000000049
:10DE5A00000000000000000000000000000000FFB9
:10DE6A00FF000000000000000000000000000000A9
:10DE7A000000000000000000000000003F3F3F3C9F
:10DE8A003C3C3CFFFFFF00000000000000000000D7
:10DE9A008080404040203018180C0C060202000115
:10DEAA000101000101000204040C1818302020406E
:10DEBA00C080000000000000000000000000FCFC20
:10DECA00FC0000000000000000000000000000004C
:10DEDA00000000000000000000000000000000FF39
:10DEEA00FF00000000000000000000000000000029
:10DEFA000000000000000000000000000000000018
:10DF0A000000000F0F2F2E3E1E1E0E0E0E0E0E0EBE
:10DF1A000E0E0E0E0E0E0E0E0E0E0E0E0E0E0E0E17
:10DF2A008E8E8E8E8E8E8E8E8E8E0E0E0E0E8E8E07
:10DF3A000E0F0F0F8E8E0E0E8E9E9E8E0E0E8F8FD2
:10DF4A008F800000000080800000000000000000B8
:10DF5A00000000008080808000000000000000FFB8
:10DF6A00FF000000000000000000000000000000A8
:10DF7A000000000000000000000000000000000097
:10DF8A000000000000000000000000000000000087
:10DF9A000000000000000000000000000000A0A037
:10DFAA00AB2BAAAAEAEAEAAAABAB202000000071CE
:10DFBA007B4E7E7BFFFF4060FFFF10100000037363
:10DFCA00F0BF3FB8FE67211292D3713100000019E9
:10DFDA003B7654909FDFF0B4B6931100000000FF27
:10DFEA00FF808080808080808080808080808080A8
:10DFFA008080808080808080808080808080808017
:10E00A008080808080808080808080808080808006
:10E01A008080808080808080808080808080888EE0
:10E02A008F999B8E8F9F9F8B9F9F8B818080808FE4
:10E03A008F8989888F8F82829F9F82828080828245
:10E04A0082828A9B938282839B9D87838080808041
:10E05A0090929391988C8E8B89888880808080FF9B
:10E06A0000000000000000000000000000000000A6
:10E07A000000000000000000000000000000000096
:10E08A000000000000000000000000000000000086
:10E09A000000000000000000000000000000000076
:10E0AA000000000000000000000000000000000066
:10E0BA000000000000000000000000000000000056
:10E0CA000000000000000000000000000000000046
:10E0DA000000000000000000000000000000000036
:10E0EA000000000000000000000000000000000026
:10E0FA000000000000000000000000000000000016
:10E10A000000000000000000000000000000000005
:10E11A0000000000000000000000000000000000F5
:10E12A0000000000000000000000000000000000E5
:10E13A0000000000000000000000000000000000D5
:10E14A0000000000000000000000000000000000C5
:10E15A0000000000000000000000000000000000B5
:10E16A0000000000000000000000000000000000A5
:10E17A000000000000000000000000000000000095
:10E18A000000000000000000000E0418E0044444EF
:10E19A007C424202000AEAACB8ACEA0A40FEC0205D
:10E1AA0000020C700C027C425664D42C00FE02FA67
:10E1BA0048484848F800FE0000000000000000003F
:10E1CA0000F0F0F0000000F0F0F0000000F0F0F0D5
:10E1DA00000000F0F0F00000000000000000000065
:10E1EA000000000000000000000000000000000025
:10E1FA000000000000000000000000000000000015
:10E20A000000000000000000000A12021F020202C1
:10E21A000202020200080B1E0A1E0B08021F02025B
:10E22A00000605041E01001F1515151F001F1013F7
:10E23A00121212120308130000000000000000006E
:10E24A0000030303000000030303000000030303A9
:10E25A0000000003030300000000000000000000AB
:10E26A0000000000000000000000000000000000A4
:10E27A000000000000000000000000000000000094
:10E28A00000000000000000007020CF00222223EFB
:10E29A002121010005F5565C56F50520FF601000A6
:10E2AA00890A782C5A290914D4B29200094949FFDB
:10E2BA004949C909017E410000000000000000F838
:10E2CA00F8F8F8F8F8F8F8F8F8F8F8F8F8F8F8F8C4
:10E2DA00F8F8F8F8F8F8F80000000000000000006C
:10E2EA000000000000000000000000000000000024
:10E2FA000000000000000000000000000000000014
:10E30A0000000000000000000509010F01010101E1
:10E31A000101010004050F050F0504010F010100A9
:10E32A000105050F050500010C02010002020202A7
:10E33A000E030202000408000000000000000000B2
:10E34A0000000000000000000000000000000000C3
:10E35A0000000000000000000000000000000000B3
:10E36A000000000009FA8CF88CFA0920FF1110004D
:10E37A00FE0101F00C020904FE808000000000FE8C
:10E38A00FCFCF8F0F060600000213A24E43A210134
:10E39A0020FF111000000000000000000000000033
:10E3AA000000000000000000000000000000000261
:10E3BA00027E4242CE42427E020200026254485427
:10E3CA00624208FC0000000E0418E00444447C4247
:10E3DA004202000AEAACB8ACEA0A40FEC0200000D9
:10E3EA0000000000000006050C0201010F010100F7
:10E3FA0007040407040401010F00000000000007DD
:10E40A000303010000000000000302060A020300E1
:10E41A00010F0101000000000000000000000000E0
:10E42A0000000000000000000000000000000001E1
:10E43A001D15151D171D15151D010001011E1010B2
:10E44A001E0100091101000A12021F020202020241
:10E45A00020200080B1E0A1E0B08021F020200001D
:10E46A0000000000000000000000000000000000A2
:10E47A000000000000000000000000000000000092
:10E48A000000000000000000000000000000000082
:10E49A000000000000000000000000000000000072
:10E4AA000000000000000000000000000000000062
:10E4BA000000000000000000000000000000000052
:10E4CA000000000000000000000000000000000042
:10E4DA000000000000000000000000000000000032
:10E4EA000000000000000000000000000000000022
:10E4FA000000000000000000000000000000000012
:10E50A000000000000000000000000000000000001
:10E51A0000000000000000000000000000000000F1
:10E52A0000000000000000000000000000000000E1
:10E53A0000000000000000000000000000000000D1
:10E54A0000000000000000000000000000000000C1
:10E55A0000000000000000000000000000000000B1
:10E56A0000000000000000000000000000000000A1
:10E57A000000000000000000000000000000000091
:10E58A000000000000000000000000000000000081
:10E59A000000000000000000000000000000000071
:10E5AA000000000000000000000000000000000061
:10E5BA000000000000000000000000000000000051
:10E5CA0000000145495141FF41414101FC03004717
:10E5DA0041434EF14E46FF0000FFC06000000000BC
:10E5EA000000000000000000000000000000000021
:10E5FA000000000000000000000000000000000011
:10E60A000000000000000000000000000000000000
:10E61A0000000000000000000000000000000000F0
:10E62A0000000000000000000000000000000000E0
:10E63A0000000000000000000000000000000000D0
:10E64A00000008080808080B080808080F00000856
:10E65A00080C0407040407000C070000000000006F
:10E66A0000000000000000000000000000000000A0
:10E67A000000000000000000000000000000000090
:10E68A000000000000000000000000000000000080
:10E69A000000000000000000000000000000000070
:10E6AA000000000000000000000000000000000060
:10E6BA000000000000000000000000000000000050
:10E6CA0000000145495141FF41414101FC0300005D
:10E6DA007F41415D5454545E40407F000000000079
:10E6EA000000000000000000000000000000000020
:10E6FA000000000000000000000000000000000010
:10E70A0000000000000000000000000000000000FF
:10E71A0000000000000000000000000000000000EF
:10E72A0000000000000000000000000000000000DF
:10E73A0000000000000000000000000000000000CF
:10E74A00000008080808080B080808080F00000459
:10E75A0004070505050D0D05050704040000000062
:10E76A00000000000000000000000000000000009F
:10E77A00000000000000000000000000000000008F
:10E78A0000000000000404FC54545454545454FC33
:10E79A0004040004C4A89890A8C88414F0080000CF
:10E7AA00F80404040400806010080C0404142444CF
:10E7BA0004FC04040404F00C000000000000000043
:10E7CA00000000000000000000000000000000003F
:10E7DA00000000000000000000000000000000002F
:10E7EA00000000000000000000000000000000001F
:10E7FA00000000000000000000000000000000000F
:10E80A000000000000013D292939292F2939292929
:10E81A003D0100023E202020203806123322020049
:10E82A000704040404043F040404040020212121F1
:10E83A00212F212121203F000000000000000000BC
:10E84A0000000000000000000000000000000000BE
:10E85A0000000000000000000000000000000000AE
:10E86A00000000000000000000000000000000009E
:10E87A00000000000000000000000000000000008E
:10E88A00000000000000000000000000000000007E
:10E89A00000000000000000000000000000000006E
:10E8AA0000000000000000000000000040A020203E
:10E8BA0060002020E020200020E02020A040004826
:10E8CA00343424C00020E0000020E02020E0202092
:10E8DA00A04000002020E0200000000020E02000EE
:10E8EA00000000000000000000000000000000001E
:10E8FA00000000000000000000000000000000000E
:10E90A0000000000000000000000000000000000FD
:10E91A0000000000000000000000000000000000ED
:10E92A0000000000000000000000000006040505C9
:10E93A000200000007240400000305050402000683
:10E94A000404040300000304040207040003050589
:10E95A00040200040402070400302722223F200098
:10E96A00000000000000000000000000000000009D
:10E97A000008F8000088F8080090080808F000006D
:10E98A0090284848980000000808F0000008F80895
:10E99A000808F00000D0484848F00000E0100808D5
:10E9AA00F80800000000000000000000000000104D
:10E9BA0010F010100000E0101010E00010F000003D
:10E9CA0010F01010F0909050200000E0101014FC8D
:10E9DA0004002050909030000030901010F0100089
:10E9EA00000000000000000000000000000000001D
:10E9FA000000000101000F080001010101000000F0
:10EA0A0001010101000000000101070101000101EB
:10EA1A0000000101000001010100000003040808D0
:10EA2A000F080000000000000000000000000000C5
:10EA3A00001F1010000001020202010010110A0A50
:10EA4A0011130A000102020201000001020202037C
:10EA5A00020003020202010000181311111F100024
:10EA6A00000000000000000010F0101010E000107C
:10EA7A00F0000010F01000A0909090E0001010F04C
:10EA8A00101000001010F01000A0909090E00010FC
:10EA9A00F0101010E000A0909090E000F06080105C
:10EAAA00F01000000000000000000000000000005C
:10EABA000010F0000010F01000205090903000106C
:10EACA0010F01010001010F010100008945454B8F0
:10EADA000010F0000010F0100030901010F010003C
:10EAEA000000000000000000001F120202010000E6
:10EAFA000102020103020001020202010000001FDA
:10EB0A0010100002020103020001020202010000C9
:10EB1A001F12020201000102020201101F10031C4F
:10EB2A001F100000000000000000000000000000AC
:10EB3A000000010202011F1000030202020100008C
:10EB4A00001302020000001F10100002030202015B
:10EB5A00000001020201030200181311111F100024
:10EB6A00000000000000000020509090300080401B
:10EB7A004040800010F0101010E000000894545437
:10EB8A00B80010F0101010E000001010E0000000B3
:10EB9A00001010F01000E0101010E000000000104B
:10EBAA00F01000000000000000000000000000005B
:10EBBA00000000000000000000000000000000004B
:10EBCA000000000000000004040888502050880853
:10EBDA000404000000E0404040FC404040E00000E7
:10EBEA000000000000000000030202020100162AD1
:10EBFA000A2A1700000302000003020002030202AD
:10EC0A000100000302000003020002020F020200D8
:10EC1A000202010302000102020201000E11111197
:10EC2A001F100000000000000000000000000000AB
:10EC3A0000000000000000000000000000000000CA
:10EC4A000000000000000008080E09081828090E34
:10EC5A000808000000070404043F04040407000035
:10EC6A00000000000000000000000000000000009A
:10EC7A00000000000000000000000000000000008A
:10EC8A00000000000000000000000000000000007A
:10EC9A00000000000000000000000000000000006A
:10ECAA00000000000000000000000000000000005A
:10ECBA00000000000000000000000000000000004A
:10ECCA00000000000000000000000000000000003A
:10ECDA00000000000000000000000000000000002A
:10ECEA00000000000000000000000000000000001A
:10ECFA00000000000000000000000000000000000A
:10ED0A0000000000000000000000000000000000F9
:10ED1A0000000000000000000000000000000000E9
:10ED2A0000000000000000000000000000000000D9
:10ED3A0000000000000000000000000000000000C9
:10ED4A0000000000000000000000000000000000B9
:10ED5A0000000000000000000000000000000000A9
:10ED6A000000000000000000000000000000000099
:10ED7A000000000000000000000000000000000089
:10ED8A000000000000000000000000000000000079
:10ED9A000000000000000000000000000000000069
:10EDAA00000000000000000000009898000000FE2B
:10EDBA0002FA48484848F800FE000000FE023240C5
:10EDCA000000FC8888FC0002020202FE020202FE27
:10EDDA0002020030A8A8AEAAA83000FE00800000F7
:10EDEA000000000000000000000000000000000019
:10EDFA000000000000000000000000000000000009
:10EE0A0000000000000000000000000000000000F8
:10EE1A0000000000000000000000000000000000E8
:10EE2A000000000000000000000001010000001FB7
:10EE3A001013121212120308130000021F02020218
:10EE4A0002000F08080F00000101011F0000000363
:10EE5A00000000080B0A1A0A0B0818070100000034
:10EE6A000000000000000000000000000000000098
:10EE7A000000000000000000000000000000000088
:10EE8A000000000000000000000000000000000078
:10EE9A000000000000000000000000000000000068
:10EEAA00000000000000000000CCCC000000FF01C0
:10EEBA00FD24242424FC00FF000000FF0119200087
:10EECA0000FE4444FE008080FF8181808000FF4074
:10EEDA0020008D9989C9A9998902FC8281000000C4
:10EEEA000000000000000000000000000000000018
:10EEFA000000000000000000000000000000000008
:10EF0A0000000000000000000000000000000000F7
:10EF1A0000000000000000000000000000000000E7
:10EF2A0000000000000000000000000000000F08C0
:10EF3A0009090909090104090000010F0101010178
:10EF4A00000704040700000404040404000904027E
:10EF5A000100000404040404000004080000000086
:10EF6A000000000000000000000000000000000097
:10EF7A000000008181BFA1A1E7A1A1BF8181008119
:10EF8A00B12A242A31A104FE808000FF01FD242435
:10EF9A002424FC00FF000000FF0119200000FE44A9
:10EFAA0044FE0007020CF00222223E212101000544
:10EFBA00F5565C56F50520FF60100001863806817B
:10EFCA003EA1ABB2EA9600FF01FD24242424FC00F2
:10EFDA00FF00000000000000000000000000000028
:10EFEA000000000000000000000000000000000017
:10EFFA00000000000E0A0A0E0B0E0A0A0E0000009C
:10F00A00000F08080F0000040800000F080909098A
:10F01A0009090104090000010F01010101000704A7
:10F02A000407000509010F010101010101010004A2
:10F03A00050F050F0504010F0101000302020F006D
:10F04A00000F0A0A0A0F000F080909090909010431
:10F05A00090000000000000000000000000000009D
:10F06A00000080C0E0F0781808081838F0F0E08056
:10F07A00000000F8FFFFFF0300000000000001FF8E
:10F08A00FFFFFC0000073F7FFFF88000000000C080
:10F09A00F0FFFF3F07000000000001010303020226
:10F0AA00030301010000000000000008080818F826
:10F0BA00F8F8F8080808080000000000000000003E
:10F0CA0000FFFFFFFF00000000000000000000003A
:10F0DA00000000FFFFFFFF8080808000000000002A
:10F0EA00000000000003030101000000000000000E
:10F0FA000000F8F8781818181818181898D8F87816
:10F10A0018000000010180C0E070381C0E070301DE
:10F11A000000000000007EFFFFFF810000000000E9
:10F12A009CFCFC7C000000000001010303030202B6
:10F13A0002030101000000000000C0E0F0F03818EE
:10F14A0008080818F8F0F0E0800000001F3F7F7FF1
:10F15A00E0C080808080030303030000000000FCFD
:10F16A00FEFFC70101000000F8F8F878000000006F
:10F17A000000010103030202020303010000000070
:10F18A000000080808F8F8F8080808080000000055
:10F19A0000000002020202FFFFFF02020202C2E2B4
:10F1AA007A3E0C000000000000FFFFFFF0781E0FFF
:10F1BA000301000000000000000000030303010037
:10F1CA0000000000000000000000C0E0F0F0381865
:10F1DA000808081898F0F0E0800000007FFFFFE1BF
:10F1EA00800000000000C3C3C3C301000000000088
:10F1FA00010303030202020301FFFF0100000000F2
:10F20A0003030303030303030303030303000000CD
:10F21A000000C0E0F078180808081838F0F0E0C0DC
:10F22A000000001FFFFFFFC0000000000080C0FFB9
:10F23A00FFFFFE00000000E1E1E3E30202020381B6
:10F24A00F1FF7F1F07000000000101030302020310
:10F25A00030101000000000000000000000000009F
:10F26A00F8F8F8F830000000000000000000000084
:10F27A0000E0FFFF3F07000000000000000000C0A0
:10F28A00F07C3F0F0300000080C0F0F01000000087
:10F29A00030303030303030303030303030300003A
:10F2AA000000C0E0F0381808080808183870F0E0C4
:10F2BA00C00000030F1F3FFCF0E0E0C0C0C0E07CCC
:10F2CA003F1F0F0000007CFEFFC301000001010385
:10F2DA0087FFFFFE30000000000001030302020264
:10F2EA00020303010100000000000080E0F0F03892
:10F2FA0018080838F8F8F060000000E0FEFFFFFF89
:10F30A0060303010103070F0E0C0800000073FFF1E
:10F31A00FFF180000000000080FFFFFF3F000000B7
:10F32A0000000101030302020203030101000000BD
:10F33A000080E0F8F81C0C040C1CF8F8F0C000007F
:10F34A00FFFFFF81000000000080FFFFFF000001B7
:10F35A00070F0F1C1810181C0F0F070100000004DC
:10F36A0004040CFCFCFC040404000000000000007F
:10F37A000000FFFFFF000000000000000000000086
:10F38A00001F1F0F04040400000000707C3C1C0CCA
:10F39A000C0C8CCCEC7C3C1C000080E0F0F83C0EA1
:10F3AA00070301C0C0C080000003070F1F18101018
:10F3BA0010181F0F07030000C0F0F8F80C0C040423
:10F3CA00047C78787000000187CFEFFC38101010A9
:10F3DA0000000000000000070F0F1F181010101F78
:10F3EA000F0F02000004040CFCFCFC0C04040000D7
:10F3FA0000000000010101FFFFFF0181E1F13D0F63
:10F40A000701000000003F3F3F0F07010000000016
:10F41A000000C0F0F8FC1C0C040404FCF8F8E0003E
:10F42A0000070F1F3F302020203098FCF800000012
:10F43A000018181818181818181F1F1F000000E0C5
:10F44A00F0F87C0C04040C1C7CF8F0C00000071FC8
:10F45A001F3E30202030309CFFFFFF0000000E1EB0
:10F46A001E1E1010181C0F070300000000000000E9
:10F47A000000FCFCFC18000000000000000080F006
:10F48A007F3F0F01000000000000101C1E1F19180A
:10F49A001818181C1E1F070000E0F0F81C0C0404C2
:10F4AA00040C0CF8F8F0000081C3E77F3E1C183802
:10F4BA00387CEFE783000003070F1E18101010189E
:10F4CA001C0F0F03000000C0F0F8380C0C040C3CB1
:10F4DA003C38000000FFFFFFBF0E060202060EFEC8
:10F4EA00FCF8000001070F0F18101010181E0F0F5C
:10F4FA00030010F090905020000001020202010067
:10F50A0000E0101010F00000010202021F1000209B
:10F51A00101010E0000003020202010010F01010A7
:10F52A0010E000001F120202010000A0909090E07B
:10F53A00000001020202010000001010F010000099
:10F54A001812120F02020008945454B80000020361
:10F55A000202010010F0100010F010000102020176
:10F56A001F10001010F0101000000000130202001B
:10F57A000000F80404040000001302020000001056
:10F58A0030C050F01000020302001F10001010F0EB
:10F59A001010000000001F10100010F000F000F022
:10F5AA00100001020302030210F0100010F0100014
:10F5BA0001020201030200E0101010E00000010243
:10F5CA000202010000E0101014FC04000102020211
:10F5DA00030204FC141010E00000030202020100FE
:10F5EA0000001010F01010000202010302020020B5
:10F5FA00509090300000030202020100001010E057
:10F60A000000000002020F02020010F0101010E0C9
:10F61A0000000302000003020000E010E000000204
:10F62A0003020002030200C030C030C0000203001F
:10F63A0003000302001030C0D030100002030200A1
:10F64A0003020000C030CC040402030200020302D9
:10F65A00003010D0301000000203020203001070C4
:10F66A0090809070100000071807000000E010104A
:10F67A0010F010000D1212121F100020101010208E
:10F68A00C0001C101010080700C0201010F0100055
:10F69A00070810101F100030901010F010001813F7
:10F6AA0011111F100000800010F010081013111122
:10F6BA001F1080E090101020C0001C1010100807C6
:10F6CA0010F0100010F010101F1101111F1000107F
:10F6DA0010F01010000010101F101000000000F8A9
:10F6EA0004040C0010101F1010001030D00010F08D
:10F6FA001010181403111F100030101010F0100011
:10F70A00000000101F1010F000F000F010101F1E73
:10F71A00011E1F1000F0608010F010101F10031C53
:10F72A001F1000C020101020C00007081010080782
:10F73A000000000010F010000E1111111F1000C877
:10F74A0038505020C0000708101008071030C000B9
:10F75A0010F010000C1213121F1000E010101030DD
:10F76A000000181111120C00000010F0100000180F
:10F77A0010101F10101800E0101010E000101F10D9
:10F78A0000101F100000C030C00000101C1300132E
:10F79A001C100080F000F08000101F001F001F10D6
:10F7AA001030D000D03010101816011618100000B2
:10F7BA0010F0100000101816011618100030101062
:10F7CA0090701000101C1211100800C000C000C078
:10F7DA00000304070407000040C04000000000279F
:10F7EA00040040C00040C04000030404070440C0B5
:10F7FA000000C040203F04043F2020505050E00049
:10F80A00040605050200C0404040C0400000002038
:10F81A003F2000000040C040001824243F20000080
:10F82A0040C040000030203F20300000004000006F
:10F83A00000000080000F8040404F80001020202B3
:10F84A00010000000040C04000302E243F2000008C
:10F85A0000C00000203807013E2040C04040800020
:10F86A000003050502000040404080000003050532
:10F87A000300004040C040400000003F202040C03C
:10F88A000040C040040407013F20000040C040007F
:10F89A0000000027040000804040800000030404A8
:10F8AA0003000040408000000000041F0400000024
:10F8BA00C000C00000060107010640C040408000A9
:10F8CA0000070400070400F008040408F000000719
:10F8DA0008101008070000000404FC0404000000DB
:10F8EA0000001F080800000C844424140C00000EB9
:10F8FA00111010100E000070880404041800000C87
:10F90A00121111100C000024FC242420E000000035
:10F91A001F08040300000070880404849800001083
:10F92A00101111101F00007088040488F0000000F4
:10F93A0018111108070000000000FC000000001068
:10F94A001C1310101C000038448484443800000E34
:10F95A00111010110E0000F08844448C00000007BA
:10F96A0008101008070000FC020202FC0000010156
:10F97A000100000002FE820000000001000000C237
:10F98A0022120AC600000101010000DC22220284C0
:10F99A00000001010100000AFE8868100000010051
:10F9AA000000001C222222E4000101010101001CC6
:10F9BA00A22222FC0000010101000000C03E0080DA
:10F9CA0000010101010100DC222222DC0000010108
:10F9DA00010000FC121216E0000001010100F0F023
:10F9EA00202020FFFF202020F0F00000000000006F
:10F9FA0000001E1E02FEFC0000F8FEC7C1FFFFC089
:10FA0A00E020000000000000C0C0A0A0A0BEBFA36C
:10FA1A00A2A0C0C0FFFF00000F0F080808FFFF08E0
:10FA2A0008080F0F00000000000000000000007F1F
:10FA3A007F40407F7F0809FFFF0B08080000000095
:10FA4A00000000202E2E2A6AEAAA2E2E20E0FF1F8E
:10FA5A00070100000000485464D4547C54D4645410
:10FA6A00480000FCA8A8A8FC4010F008080080FC88
:10FA7A00484848FC8048F8047C00001CD45454547C
:10FA8A005454FC0000000000000000001815151F67
:10FA9A001535151F15151800120A060A3F0A020421
:10FAAA003F040400001815123508041E13121E0024
:10FABA0016141D15350D151D15340E000000000114
:10FACA0001F5F55555FFFF5555F5F5010100000003
:10FADA0000000F0FF9F9111111FFFE101010F8F8BC
:10FAEA0000000000001F1F0E7DF3820406FFFF00C6
:10FAFA00FFFF00800404047D7D5555555555557DFD
:10FB0A007D0404040000000000001F1F111111FFF2
:10FB1A00FF1111111F1F00000000000141C1C17F28
:10FB2A007F21213F3FE0FF1F07010F0F0EFCF0006E
:10FB3A0000000000000000000000000000000000BB
:10FB4A0000000000000000000000000000000000AB
:10FB5A00FEFFABAAFEFEA8A8FFFFF89CFE7E2020AF
:10FB6A000020202B2B2A2A2A2A2A2AEAF23A0C04D3
:10FB7A00000000000000000000000000000000007B
:10FB8A000000000000007A7A4A4A4B4B4A4A4A7FF0
:10FB9A007F0131734704FEFF9BF2F098F8F098FF5B
:10FBAA00FF80FE7E2020000000020282F27E0E020A
:10FBBA007AFA8202FFFF0080800000000181E3F6EA
:10FBCA009C7CE6C3FFFF0080FE7E20202424F4F7FD
:10FBDA00272427F7F424243171460E080000000078
:10FBEA00080B0B0868E8880909E8FF1F07010000ED
:10FBFA000000202727243D7FE3B83F2721317146A3
:10FC0A000E08000404FC84849C8484FC040400041C
:10FC1A00C4A890A8C48410F800000000F8040404E2
:10FC2A00008060100804000494A484FC8484840482
:10FC3A00F80400023A2A2A3A2F3A2A2A3A020002F9
:10FC4A00023C20203C0200132202000007040404A4
:10FC5A00043F0404040400101010101710101010B0
:10FC6A001F00000000807C04040000F0482400000B
:10FC7A00FC88888888FC002010080000808080802A
:10FC8A00FC00000084E89090E8840480FC44400072
:10FC9A0000080B0A0A1A2A0A080F020400030602BD
:10FCAA0002320A06020811020000080808080F00BA
:10FCBA0000000C08182B080C00043F040400000084
:10FCCA000000E0404040FC404040E00000000000EE
:10FCDA0000FC0404000000FC008000000000346402
:10FCEA002424A4642408F008040000000000000092
:10FCFA00070404043F04040407000000000212136E
:10FD0A001212120224130904000000000212121334
:10FD1A00121202001322020000000000000000E09C
:10FD2A00E0E0000000E0E0E0000000E0E0E00000C9
:10FD3A0000E0E0E00000000000000000000007070B
:10FD4A000700000007070700000007070700000078
:10FD5A000707070000000000000000808080808004
:10FD6A008080808080808080808080808080808089
:10FD7A008080800000000000000F0F0F0F0F0F0F90
:10FD8A000F0F0F0F0F0F0F0F0F0F0F0F0F0F0F0F79
:10FD9A000F000000000000F8F818181818181818B2
:10FDAA00181818181818F8F840C000000000000FBA
:10FDBA000F0C0C0C0C0C0C0C0C0C0C0C0C0C0F0F70
:10FDCA0001010000000000F8F818F8F818181818CF
:10FDDA00181818181818F8F840C000000000000F8A
:10FDEA000F0C0F0F0C0C0C0C0C0C0C0C0C0C0F0F3A
:10FDFA0001010000000000F8F818F8F818F8F818DF
:10FE0A00181818181818F8F840C000000000000F59
:10FE1A000F0C0F0F0C0F0F0C0C0C0C0C0C0C0F0F03
:10FE2A0001010000000000F8F818F8F818F8F818AE
:10FE3A00F8F818181818F8F840C000000000000F69
:10FE4A000F0C0F0F0C0F0F0C0F0F0C0C0C0C0F0FCD
:10FE5A0001010000000000F8F818F8F818F8F8187E
:10FE6A00F8F818F8F818F8F840C000000000000F79
:10FE7A000F0C0F0F0C0F0F0C0F0F0C0F0F0C0F0F97
:10FE8A00010100000C3CEE8C1C3C6ECF8FCF6C3C09
:10FE9A0018CCFE1C0000C1673C1814F3F1161C1C98
:10FEAA0027C38000000000FCFCF8F8F0F0E0E0E076
:10FEBA00C0C0C0800000003F3F1F1F0F0F07070789
:10FECA0003030101000000000080C06030180C0428
:10FEDA000C18306030180C06030100000000000006
:10FEEA000000000000001919191919191E19191909
:10FEFA00191414191919191914141414140F0F0FA9
:10FF0A000F0F0FFE0202027A6A0202FE011F21414E
:10FF1A004141211F01F878783838181808207C20C8
:10FF2A002020202020205468657261707900426C7C
:10FF3A006F636B6167652020416C61726D0043617C
:10FF4A006E69737465722046756C6C0054686572CC
:10FF5A0061707920204F6666004261747465727917
:10FF6A0020204C6F7700496E7465726D69747465F0
:10FF7A006E74005468657261707920204F6E004C6F
:10FF8A0065616B2020416C61726D00485020536599
:10FF9A0074203A202D00436F6E74696E756F757305
:10FFAA00004C5020536574203A202D004C502054A8
:10FFBA00696D65203A0048502054696D65203A0001
:10FFCA0050756D702049646C650050726573737565
:10FFDA0072650053657474696E6773005377697448
:0EFFEA006368004D6F6465006D696E00000075
:08FFF800A1F4DAFFF7F9FFF1B3
:00000001FF
