:020000040000FA
:1000000082EF00F0FF00FF005C82D9CF40F0DACF32
:1000100041F0F3CF42F0F4CF43F0F6CF44F0F7CF06
:1000200045F0F8CF46F0F5CF47F0A1A24FD0A15050
:10003000FD0BA16EFC0E7B6E170E7A6EF7EC47F08F
:1000400000018C2B050E8C19D8A403D08C6BC8EC46
:100050003CF000018A2B040E8A651BD0010158294F
:1000600007E1592905E15A2903E15B29D8B407D0F2
:10007000010E5827000E59235A235B2308D0000E87
:10008000586F000E596F000E5A6F000E5B6F000123
:100090008A6BC051D8B417D08B2B010EBD6F8B511A
:1000A000BA5DD8A00BD05904D8A406D05904D8A45E
:1000B00017D05850D8A414D08B8E12D00A0E8B6152
:1000C00003D08B9E0DD08B9E8B6B0AD0F2A408D0F0
:1000D000F294010E00019C6FD80ED76EEF0ED66E13
:1000E00047C0F5FF46C0F8FF45C0F7FF44C0F6FF24
:1000F00043C0F4FF42C0F3FF41C0DAFF40C0D9FF64
:100100005C92110002EF43F05BEF08F00001B06B6E
:10011000000E716F000E706F596A000E01019D6F25
:10012000000E9C6F81503C0B1C0AD8A427D08C5128
:100130000001F16F01018D510001F26F01018C4B43
:100140008D2B0001F25104E1650EF15DD8A016D0AF
:10015000100E01018C5D270E8D59D8B00FD0270EDF
:100160008D6F100E8C6F00017C517D11D8B402D0C0
:10017000000E01D0800E7D6F000E7C6F4850000194
:10018000F16F4950F26F484A492A5E0EF15D010E47
:10019000F259D8A024D0010E5B6E000E496E000EFD
:1001A000486E546AA66BB3EC47F0000E0101976FDE
:1001B000000E966F0001A06B010EA46F81EC45F05C
:1001C0004EC084F04FC085F0000E01015C6F000E40
:1001D0005D6F000E5E6F000E5F6F5A9812004950FF
:1001E00004E1FA0E485CD8A003D0F5EC41F012000F
:1001F000495004E1330E485CD8A023D0495013E1A4
:10020000340E485CD8B00FD01E0E9F6107D0000E90
:10021000496E000E486E8B949F6B12008CEC32F08E
:100220008B848B868A82E4EC47F0A2EC33F0495051
:1002300004E13F0E485CD8A002D08996120089865E
:10024000120081503C0B380AD8A4E6D79F2B12002D
:100250000001B86B000E01019F6F000E9E6F8A9225
:10026000596A000E5C6F000E5D6F000E5E6F000E2F
:100270005F6F5A98000EA76F000EA66F0001B05175
:10028000D8A41200A005D8B41200380EA619D8A41C
:1002900003D0A2C05BF01200340EA619D8A412003D
:1002A000040E5B6E78C04CF079C04DF0120078C03F
:1002B0004CF079C04DF0000E0001716F000E706FB0
:1002C000596A020EA26FA005D8B41200380EA61902
:1002D000D8A424D1050E5B6E12005950D8A442D088
:1002E00078C04CF079C04DF048500001F16F495092
:1002F000F26F484A492AF25104E1320EF15DD8A06A
:10030000F9D0000E496E000E486E704B712B3C0EFA
:100310007403F3CFF1F0F4CFF2F07503F350F2274A
:10032000F151705DF2517159D8A0E4D0B86B000E54
:1003300001019F6F000E9E6F0001B86B5A98000E6E
:1003400001019B6F000E9A6F010E586E000E0001A6
:100350006B6F000E6A6F000E716F000E706F010EF2
:10036000596EC8D05904D8A4C5D076C04CF077C017
:100370004DF04E500001845D4F508559D8B02AD0C1
:1003800084514E5CF16F85514F58F26FF1C0CAF045
:10039000F2C0CBF0CC6BCD6B000E70EC2EF0CAC06F
:1003A000D8F0CBC0D9F0CCC0DAF0CDC0DBF060C063
:1003B000DCF061C0DDF062C0DEF063C0DFF024EC91
:1003C0001FF0D8C060F1D9C061F1DAC062F1DBC0C2
:1003D00063F109D0000E0101606F000E616F000E25
:1003E000626F000E636F60C1E3F061C1E4F062C14F
:1003F000E5F063C1E6F091EC3DF0E3C04AF0E4C003
:100400004BF05804D8A434D06A51F16F6B51F26F9D
:100410006A4B6B2BF25104E10C0EF15DD8A024D095
:100420008A926B5104E14B0E6A5DD8A01ED04CC07D
:10043000D6F04DC0D7F002EC47F07E514C24F16F5E
:100440007F514D20F26F4A50F15D4B50F259D8A0C8
:1004500006D0020E586E000E496E000E486E000E59
:100460006B6F000E6A6F01D08A82B86B5A9842D0C7
:100470006A51F16F6B51F26F6A4B6B2BF30EF15DAA
:10048000010EF259D8A036D0586A4850F16F495041
:10049000F26F484A492AF25104E1320EF15DD8A0C8
:1004A00025D0000E496E000E486E704B712B3C0E2D
:1004B0007203F3CFF1F0F4CFF2F07303F350F227AD
:1004C000F151705DF2517159D8A010D0B86B000E87
:1004D00001019F6F000E9E6F000E0001716F000EF4
:1004E000706F596A78C04CF079C04DF0010E6B6F97
:1004F000F30E6A6F030E0001A26FA005D8B41200BC
:10050000380EA619D8A40AD0596A000E496E000EFA
:10051000486E000E716F000E706FDCD6B40EBDD643
:100520005950D8A42DD078C04CF079C04DF0485027
:100530000001F16F4950F26F484A492AF25104E133
:10054000320EF15DD8A04ED0000E496E000E486EFE
:10055000704B712B3C0E7403F3CFF1F0F4CFF2F03B
:100560007503F350F227F151705DF2517159D8A023
:1005700039D0000E716F000E706F010E596E32D0BF
:100580005904D8A42FD076C04CF077C04DF0485015
:100590000001F16F4950F26F484A492AF25104E1D3
:1005A000320EF15DD8A01ED0000E496E000E486ECE
:1005B000704B712B3C0E7203F3CFF1F0F4CFF2F0DD
:1005C0007303F350F227F151705DF2517159D8A0C5
:1005D00009D0000E716F000E706F596A78C04CF030
:1005E00079C04DF00A0E0001A26FA005D8B4120028
:1005F000040EA319D8B41200380EA619D8B46AD6BE
:100600008DD70001B86B000E01019F6F000E9E6F29
:100610008B9E000EA76F000EA66F596A0001A00501
:10062000D8B41200380EA619D8A403D0A2C05BF02B
:100630000FD0B40EA619D8A407D0040E5B6E78C0F4
:100640004CF079C04DF004D0040EA619D8B49E1F0A
:10065000000E01015C6F000E5D6F000E5E6F000EFC
:100660005F6F5A98586A1200000E01015C6F000E0D
:100670005D6F000E5E6F000E5F6F5A98000EA76FE1
:10068000000EA66F5350D8A455D00001A851D8A48D
:1006900018D0020E526E340EA619D8A405D0010E41
:1006A000A86F030E526E12002C0EA619D8B4F7D7FD
:1006B000380EA619D8A41200010E536E81EC45F035
:1006C0001200A805D8A40FD0030E526E340EA6193E
:1006D000D8A404D0A86B020E526E12002C0EA619DC
:1006E000D8B4F8D7E5D7020EA819D8A412000A0E7C
:1006F000526E340EA619D8A40BD0A86B020ECC6F84
:10070000000ECD6F800ECE6F000EACEC41F0E3D743
:100710002C0EA619D8A4CCD7010EA86F020ECC6F50
:10072000000ECD6F800ECE6F000EACEC41F0030ECC
:10073000526E12005304D8A419D1020E5218D8A434
:1007400095D0340E0001A619D8A41AD00A0E4C2454
:100750004C6E000E4D204D6E2D0E4C5C010E4D5812
:10076000D8A004D0000E4D6E140E4C6E060ECC6F49
:10077000000ECD6F800ECE6F040EACEC41F0DFD0DA
:100780002C0EA619D8A41AD0F60E4C244C6EFF0ECF
:100790004D204D6E4D5008E1140E4C5CD8B004D085
:1007A000010E4D6E2C0E4C6E060ECC6F000ECD6FF2
:1007B000800ECE6F040EACEC41F0C1D0AC0EA61989
:1007C000D8A422D0512A5104F16F140EF16101D046
:1007D0001200516AF60E4C244C6EFF0E4D204D6EE9
:1007E0004D5008E1140E4C5CD8B004D0000E4D6E94
:1007F000140E4C6E060ECC6F000ECD6F800ECE6FB9
:10080000040EACEC41F09BD0B40EA619D8A422D0B3
:10081000512A5104F16F140EF16101D01200516A96
:100820000A0E4C244C6E000E4D204D6E2D0E4C5C6D
:10083000010E4D58D8A004D0010E4D6E2C0E4C6EFA
:10084000060ECC6F000ECD6F800ECE6F040EACEC9A
:1008500041F075D0380EA619D8A471D0536A52C091
:10086000A2F0050E5B6E81EC45F069D0340E0001FC
:10087000A619D8A410D00A0E4C244C6E000E4D20A0
:100880004D6E2D0E4C5C010E4D58D8A058D0000E68
:100890004D6E140E13D02C0EA619D8A411D0F60E3E
:1008A0004C244C6EFF0E4D204D6E4D5048E1140E01
:1008B0004C5CD8B044D0010E4D6E2C0E4C6E3FD027
:1008C000AC0EA619D8A415D0512A5104F16F140EFC
:1008D000F16101D01200516AF60E4C244C6EFF0EED
:1008E0004D204D6E4D502BE1140E4C5CD8A0CFD74F
:1008F00026D0B40EA619D8A415D0512A5104F16FF0
:10090000140EF16101D01200516A0A0E4C244C6E93
:10091000000E4D204D6E2D0E4C5C010E4D58D8B082
:10092000CAD70DD0380EA619D8A409D0030E521874
:10093000D8A402D0020E01D0030E536E94D70A0E33
:100940007625F16F000E7721F26FF1514C5CF25178
:100950004D58D8B006D0F60E4C24766FFF0E4D20C1
:10096000776F4CC078F04DC079F01200020E53182A
:10097000D8A4A4D0340E0001A619D8A42FD00A0EF2
:100980007625766F000E7721776F775110E1650E2F
:10099000765DD8B00CD0F60E4C24F16FFF0E4D20D2
:1009A000F26F7651F15D7751F259D8B004D0000E54
:1009B000776F0A0E766FF60E4C24F16FFF0E4D2006
:1009C000F26FF151765DF2517759D8A062D0F60EF0
:1009D0004C24766FFF0E4D20776F5BD02C0EA6193E
:1009E000D8A41FD0F60E7625766FFF0E7721776F8D
:1009F000F60E4C24F16FFF0E4D20F26FF151765D33
:100A0000F2517759D8A006D0F60E4C24766FFF0E1F
:100A10004D20776F77513DE10A0E765DD8A0D7D78C
:100A200038D0AC0EA619D8A41BD0512A5104F16FAE
:100A3000140EF16101D01200516AF60E7625766F20
:100A4000FF0E7721776FF60E4C24F16FFF0E4D20CD
:100A5000F26FF151765DF2517759D8B0B8D719D00D
:100A6000B40EA619D8A40DD0512A5104F16F140E5A
:100A7000F16101D01200516A0A0E7625766F000EE0
:100A8000E0D7380EA619D8A404D081EC45F0030EA7
:100A9000536E775104E1650E765DD8A004D0000E48
:100AA000776F640E766F775103E10A0E765DD8B0EA
:100AB0001200000E776F0A0E766F1200030E5318A5
:100AC000D8A469D0340E0001A619D8A411D074514D
:100AD000F16F7551F26F744B752BF25104E1630E97
:100AE000F15DD8A01200000E756F010E746F120038
:100AF0002C0EA619D8A413D07451F16F7551F26F52
:100B0000010E745F000E755BF25103E1020EF15DA0
:100B1000D8B01200000E756F630E746F1200AC0E29
:100B2000A619D8A417D0512A5104F16F140EF161FF
:100B300001D01200516A050E745F000E755B75518D
:100B4000D2E1640E745DD8B0CED774517511D8A4BB
:100B50001200C9D7B40EA619D8A417D0512A51042F
:100B6000F16F140EF16101D01200516A050E742765
:100B7000000E75237551CEE1640E745DD8B0CAD7EE
:100B800074517511D8A41200C5D7380EA619D8A46F
:100B90001200040E92D5040E5318D8A47ED0340E41
:100BA0000001A619D8A411D07251F16F7351F26FE0
:100BB000724B732BF25104E1630EF15DD8A0120069
:100BC000000E736F010E726F12002C0EA619D8A4BE
:100BD00013D07251F16F7351F26F010E725F000EFC
:100BE000735BF25103E1020EF15DD8B01200000E0A
:100BF000736F630E726F1200AC0EA619D8A417D0D3
:100C0000512A5104F16F140EF16101D01200516AA2
:100C1000FB0E7225726FFF0E7321736F7251731189
:100C2000D8B4CED77351CCE1640E725DC7D7B40E81
:100C3000A619D8A415D0512A5104F16F140EF161F0
:100C400001D01200516A050E7225726F000E7321D9
:100C5000736F7351CCE1630E725DD8A01200C7D7D9
:100C6000380EA619D8A41200536A52C0A2F0050E7D
:100C70005B6E000E496E000E486E000E0101C16FE2
:100C8000000EC06F000EBF6F000EBE6F000E0001A1
:100C9000716F000E706F596A1200050E5318D8A4B8
:100CA0001200340E0001A619D8A410D0010E6E2532
:100CB0006E6F000E6F216F6F060ECC6F000ECD6F42
:100CC000800ECE6F040EACEC41F012002C0EA61973
:100CD000D8A410D0FF0E6E256E6FFF0E6F216F6FC0
:100CE000060ECC6F000ECD6F800ECE6F040EACECF6
:100CF00041F01200AC0EA619D8A418D0512A510404
:100D0000F16F140EF16101D01200516AF60E6E25DA
:100D10006E6FFF0E6F216F6F060ECC6F000ECD6FE2
:100D2000800ECE6F040EACEC41F01200B40EA6198A
:100D3000D8A418D0512A5104F16F140EF16101D0DA
:100D40001200516A0A0E6E256E6F000E6F216F6FD2
:100D5000060ECC6F000ECD6F800ECE6F040EACEC85
:100D600041F01200380EA619D8A41200536A000EE2
:100D7000606F000E616F300E626F400E636F050E84
:100D80005B6E1200380E0001A619D8A403D0050E20
:100D90005B6E7AD1340EA619D8A407D0C82B060EE4
:100DA000C86572D1060EC86F6FD12C0EA619D8A4D3
:100DB00006D0C807C851D8A467D1C86B65D1980EB2
:100DC000A619D8A461D139EC42F05ED1000ECD6FE6
:100DD000350ECC6F000E40EC43F0000ECD6F350E9B
:100DE000CC6F020EAAEC43F0000ECD6F350ECC6F27
:100DF000040EAAEC43F0000ECD6F350ECC6F060E3C
:100E0000AAEC43F0000ECD6F7A0ECC6F000EAAEC68
:100E100043F0000ECD6F7A0ECC6F020EAAEC43F0B9
:100E2000000ECD6F7A0ECC6F040EAAEC43F01200C8
:100E3000000ECD6F350ECC6F000EAAEC43F0000E05
:100E4000CD6F350ECC6F020E40EC43F0000ECD6F2F
:100E5000350ECC6F040EAAEC43F0000ECD6F350EAC
:100E6000CC6F060EAAEC43F0000ECD6F7A0ECC6F5D
:100E7000000EAAEC43F0000ECD6F7A0ECC6F020E7E
:100E8000AAEC43F0000ECD6F7A0ECC6F040EAAECE4
:100E900043F01200000ECD6F350ECC6F000EAAECA1
:100EA00043F0000ECD6F350ECC6F020EAAEC43F06E
:100EB000000ECD6F350ECC6F040E40EC43F0000EEB
:100EC000CD6F350ECC6F060EAAEC43F0000ECD6F41
:100ED0007A0ECC6F000EAAEC43F0000ECD6F7A0EA6
:100EE000CC6F020EAAEC43F0000ECD6F7A0ECC6FE1
:100EF000040EAAEC43F01200000ECD6F350ECC6F3D
:100F0000000EAAEC43F0000ECD6F350ECC6F020E32
:100F1000AAEC43F0000ECD6F350ECC6F040EAAEC98
:100F200043F0000ECD6F350ECC6F060E40EC43F053
:100F3000000ECD6F7A0ECC6F000EAAEC43F0000EBF
:100F4000CD6F7A0ECC6F020EAAEC43F0000ECD6F7F
:100F50007A0ECC6F040EAAEC43F01200000ECD6F97
:100F6000350ECC6F000EAAEC43F0000ECD6F350E9F
:100F7000CC6F020EAAEC43F0000ECD6F350ECC6F95
:100F8000040EAAEC43F0000ECD6F350ECC6F060EAA
:100F9000AAEC43F0000ECD6F7A0ECC6F000E40EC41
:100FA00043F0000ECD6F7A0ECC6F020EAAEC43F028
:100FB000000ECD6F7A0ECC6F040EAAEC43F0120037
:100FC000000ECD6F350ECC6F000EAAEC43F0000E74
:100FD000CD6F350ECC6F020EAAEC43F0000ECD6F34
:100FE000350ECC6F040EAAEC43F0000ECD6F350E1B
:100FF000CC6F060EAAEC43F0000ECD6F7A0ECC6FCC
:10100000000EAAEC43F0000ECD6F7A0ECC6F020EEC
:1010100040EC43F0000ECD6F7A0ECC6F040EAAECBC
:1010200043F01200000ECD6F350ECC6F000EAAEC0F
:1010300043F0000ECD6F350ECC6F020EAAEC43F0DC
:10104000000ECD6F350ECC6F040EAAEC43F0000EEF
:10105000CD6F350ECC6F060EAAEC43F0000ECD6FAF
:101060007A0ECC6F000EAAEC43F0000ECD6F7A0E14
:10107000CC6F020EAAEC43F0000ECD6F7A0ECC6F4F
:10108000040E40EC43F01200C851000AD8B49ED6BA
:10109000010AD8B4CDD6030AD8B4FCD6010AD8B414
:1010A0002BD7070AD8B45AD7010AD8B489D7030A6C
:1010B000D8A41200B7D75B50000AD8B486EF00F06E
:1010C000010AD8B428EF01F0030AD8B457EF01F0B1
:1010D000010AD8B46DEF01F0070AD8B434EF03F079
:1010E000010AD8B401EF03F0030AD8B41200010AD0
:1010F000D8B412000F0AD8B41200010AD8B442D6EC
:10110000030AD8A4120090EF02F05350D8A481D063
:10111000AC51D8A460D0010EAC6FC851D8B42ED059
:10112000460ECC6F000E1AEC33F0EE0EDB6FFF0EA6
:10113000DC6F000EDD6F050EDE6F64EC3FF0E70E36
:10114000DB6FFF0EDC6F000EDD6F500EDE6F64ECA8
:101150003FF0AC0EDB6FFF0EDC6F020EDD6F080E92
:10116000DE6F64EC3FF0640EDB6FFF0EDC6F040E8D
:10117000DD6F050EDE6F64EC3FF02DD0460ECC6FB8
:10118000000E1AEC33F01E0EDB6FFF0EDC6F000E4C
:10119000DD6F050EDE6F64EC3FF0180EDB6FFF0EA7
:1011A000DC6F000EDD6F500EDE6F64EC3FF0990EC9
:1011B000DB6FFE0EDC6F020EDD6F080EDE6F64EC7F
:1011C0003FF08E0EDB6FFE0EDC6F040EDD6F050E42
:1011D000DE6F64EC3FF0020E5218D8A40BD0740EF0
:1011E000CC6F020EE8EC38F0740ECC6F040EECEC11
:1011F0003AF01200030E5218D8A41200740ECC6FED
:10120000040EE8EC38F0740ECC6F020EECEC3AF001
:1012100012005304D8A47DD14CC086F04DC087F095
:10122000020E5218D8A43DD0C851D8B415D0200E03
:10123000CC6F030E0EEC44F0300EDA6F040E1AEC95
:101240002AF0D50EDB6FFF0EDC6F000EDD6F240E73
:10125000DE6F64EC3FF0FCD00B0ECC6F030E0EEC97
:1012600044F04CC086F04DC087F04D500AE1640E4A
:101270004C5CD8B006D01A0EDA6F040E1AEC2AF0C5
:1012800005D01A0EDA6F040E1AEC2AF0DC0EDB6FB2
:10129000FE0EDC6F000EDD6F2E0EDE6F64EC3FF095
:1012A000D7D0C851D8B424D0AC51D8A444D0010E62
:1012B000AC6FD50EDB6FFF0EDC6F000EDD6F240E02
:1012C000DE6F64EC3FF0960EDB6FFF0EDC6F020EFC
:1012D000DD6F060EDE6F64EC3FF0A10EDB6FFF0EDC
:1012E000DC6F040EDD6F060EDE6F64EC3FF023D082
:1012F000200ECC6F030E0EEC44F0DC0EDB6FFE0E06
:10130000DC6F000EDD6F2A0EDE6F64EC3FF0C10E65
:10131000DB6FFE0EDC6F020EDD6F030EDE6F64EC22
:101320003FF0B80EDB6FFE0EDC6F040EDD6F030EB8
:10133000DE6F64EC3FF0C851D8B416D0010EC96F0F
:10134000490EDA6F4CC0DBF04DC0DCF0020E4DEC04
:1013500030F0C96B490EDA6F76C0DBF077C0DCF095
:10136000040E4DEC30F015D0010EC96F350EDA6F5A
:101370004CC0DBF04DC0DCF0020E4DEC30F0C96B20
:10138000350EDA6F76C0DBF077C0DCF0040E4DEC82
:1013900030F0C851D8B41DD0020ECC6F620ECD6FA4
:1013A0006D0E4BEC15F0020ECC6F690ECD6F6D0E0D
:1013B0004BEC15F0020ECC6F700ECD6F480E4BEC5F
:1013C00015F0020ECC6F770ECD6F670E4BEC15F05B
:1013D0003FD0020ECC6F4E0ECD6FAC0EAAEC21F0BA
:1013E000020ECC6F540ECD6FAC0EAAEC21F0020EA3
:1013F000CC6F5A0ECD6FC10EAAEC21F0020ECC6F4D
:10140000600ECD6FB00EAAEC21F0020ECC6F660E0E
:10141000CD6FB20EAAEC21F0020ECC6F6C0ECD6F28
:10142000C10EAAEC21F0020ECC6F720ECD6FB10E80
:10143000AAEC21F0020ECC6F780ECD6FB20EAAECA2
:1014400021F0020ECC6F7E0ECD6FC10EAAEC21F002
:10145000C96BC851D8B41DD0040ECC6F620ECD6FCD
:101460006D0E4BEC15F0040ECC6F690ECD6F6D0E4A
:101470004BEC15F0040ECC6F700ECD6F480E4BEC9C
:1014800015F0040ECC6F770ECD6F670E4BEC15F098
:101490001200040ECC6F4E0ECD6FAC0EAAEC21F0F4
:1014A000040ECC6F540ECD6FAC0EAAEC21F0040EDE
:1014B000CC6F5A0ECD6FC10EAAEC21F0040ECC6F8A
:1014C000600ECD6FB00EAAEC21F0040ECC6F660E4C
:1014D000CD6FB20EAAEC21F0040ECC6F6C0ECD6F66
:1014E000C10EAAEC21F0040ECC6F720ECD6FB10EBE
:1014F000AAEC21F0040ECC6F780ECD6FB20EAAECE0
:1015000021F0040ECC6F7E0ECD6FC10EAAEC21F03F
:101510001200020E5318D8A45AD1AC6B4CC086F0FE
:101520004DC087F0020E5218D8A423D0200ECC6FE5
:10153000030E0EEC44F0300EDA6F040E1AEC2AF0B3
:10154000C851D8B40BD0D50EDB6FFF0EDC6F000E88
:10155000DD6F240EDE6F64EC3FF0D8D0DC0EDB6F65
:10156000FE0EDC6F000EDD6F2A0EDE6F64EC3FF0C6
:10157000CDD0C851D8B41FD0D50EDB6FFF0EDC6FB5
:10158000000EDD6F240EDE6F64EC3FF0960EDB6F15
:10159000FF0EDC6F020EDD6F060EDE6F64EC3FF0B7
:1015A000A10EDB6FFF0EDC6F040EDD6F060EDE6F2B
:1015B00064EC3FF01ED0DC0EDB6FFE0EDC6F000E25
:1015C000DD6F2A0EDE6F64EC3FF0C10EDB6FFE0EA6
:1015D000DC6F020EDD6F030EDE6F64EC3FF0B80EC1
:1015E000DB6FFE0EDC6F040EDD6F030EDE6F64EC4E
:1015F0003FF0C851D8B416D0490EDA6F4CC0DBF0BA
:101600004DC0DCF0020E4DEC30F0010EC96F490EFA
:10161000DA6F76C0DBF077C0DCF0040E4DEC30F012
:10162000C96B15D0350EDA6F4CC0DBF04DC0DCF065
:10163000020E4DEC30F0010EC96F350EDA6F76C038
:10164000DBF077C0DCF0040E4DEC30F0E9D7C85188
:10165000D8B41DD0020ECC6F620ECD6F6D0E4BEC68
:1016600015F0020ECC6F690ECD6F6D0E4BEC15F0C0
:10167000020ECC6F700ECD6F480E4BEC15F0020EC3
:10168000CC6F770ECD6F670E4BEC15F03FD0020E8E
:10169000CC6F4E0ECD6FAC0EAAEC21F0020ECC6FCB
:1016A000540ECD6FAC0EAAEC21F0020ECC6F5A0E88
:1016B000CD6FC10EAAEC21F0020ECC6F600ECD6F83
:1016C000B00EAAEC21F0020ECC6F660ECD6FB20EFA
:1016D000AAEC21F0020ECC6F6C0ECD6FC10EAAECFD
:1016E00021F0020ECC6F720ECD6FB10EAAEC21F07C
:1016F000020ECC6F780ECD6FB20EAAEC21F0020E66
:10170000CC6F7E0ECD6FC10EAAEC21F0C96BC85113
:10171000D8B41DD0040ECC6F620ECD6F6D0E4BECA5
:1017200015F0040ECC6F690ECD6F6D0E4BEC15F0FD
:10173000040ECC6F700ECD6F480E4BEC15F0040EFE
:10174000CC6F770ECD6F670E4BEC15F01200040EC8
:10175000CC6F4E0ECD6FAC0EAAEC21F0040ECC6F08
:10176000540ECD6FAC0EAAEC21F0040ECC6F5A0EC5
:10177000CD6FC10EAAEC21F0040ECC6F600ECD6FC0
:10178000B00EAAEC21F0040ECC6F660ECD6FB20E37
:10179000AAEC21F0040ECC6F6C0ECD6FC10EAAEC3A
:1017A00021F0040ECC6F720ECD6FB10EAAEC21F0B9
:1017B000040ECC6F780ECD6FB20EAAEC21F0040EA1
:1017C000CC6F7E0ECD6FC10EAAEC21F01200030E7D
:1017D0005318D8A486D0C851D8B41FD0640EDB6F7C
:1017E000FF0EDC6F000EDD6F100EDE6F64EC3FF05D
:1017F000B70EDB6FFF0EDC6F020EDD6F060EDE6FC5
:1018000064EC3FF0C10EDB6FFF0EDC6F040EDD6F8A
:10181000060EDE6F64EC3FF01ED0120EDB6FFF0E83
:10182000DC6F000EDD6F320EDE6F64EC3FF0D30E26
:10183000DB6FFE0EDC6F020EDD6F140EDE6F64ECEC
:101840003FF0CA0EDB6FFE0EDC6F040EDD6F140E70
:10185000DE6F64EC3FF0010EC96F4B0EDA6F74C09F
:10186000DBF075C0DCF0020E4DEC30F0C96BC851F6
:10187000D8B40BD0F30EDB6FFF0EDC6F020EDD6F02
:10188000650EDE6F64EC3FF00AD0240EDB6FFF0EB6
:10189000DC6F020EDD6F650EDE6F64EC3FF04B0E09
:1018A000DA6F72C0DBF073C0DCF0040E4DEC30F088
:1018B000C851D8B40BD0F30EDB6FFF0EDC6F040EF3
:1018C000DD6F650EDE6F64EC3FF01200240EDB6FFF
:1018D000FF0EDC6F040EDD6F650EDE6F64EC3FF013
:1018E0001200040E5318D8A47ED0AC6BC851D8B4E3
:1018F0001FD0640EDB6FFF0EDC6F000EDD6F100E6D
:10190000DE6F64EC3FF0B70EDB6FFF0EDC6F020E94
:10191000DD6F060EDE6F64EC3FF0C10EDB6FFF0E75
:10192000DC6F040EDD6F060EDE6F64EC3FF01ED040
:10193000120EDB6FFF0EDC6F000EDD6F320EDE6FFE
:1019400064EC3FF0D30EDB6FFE0EDC6F020EDD6F3A
:10195000140EDE6F64EC3FF0CA0EDB6FFE0EDC6F20
:10196000040EDD6F140EDE6F64EC3FF0C96B4B0E9E
:10197000DA6F74C0DBF075C0DCF0020E4DEC30F0B5
:10198000C96BC851D8B40BD0F30EDB6FFF0EDC6F00
:10199000020EDD6F650EDE6F64EC3FF00AD0240EA0
:1019A000DB6FFF0EDC6F020EDD6F650EDE6F64EC29
:1019B0003FF0010EC96F4B0EDA6F72C0DBF073C0DF
:1019C000DCF0040E4DEC30F0C96BC851D8B47ED7B2
:1019D000F30EDB6FFF0EDC6F040EDD6F650EDE6F46
:1019E00064EC3FF01200050E5318D8A41200200E2C
:1019F000CC6F020E0EEC44F0C851D8B44ED0000E9D
:101A0000CC6F180ECD6F530E4BEC15F0000ECC6F53
:101A10001F0ECD6F650E4BEC15F0000ECC6F260E31
:101A2000CD6F740E4BEC15F0000ECC6F300ECD6FF9
:101A3000500E4BEC15F0000ECC6F370ECD6F720EC2
:101A40004BEC15F0000ECC6F3E0ECD6F650E4BECDF
:101A500015F0000ECC6F450ECD6F730E4BEC15F0EC
:101A6000000ECC6F4C0ECD6F730E4BEC15F0000ECC
:101A7000CC6F530ECD6F750E4BEC15F0000ECC6F86
:101A80005A0ECD6F720E4BEC15F0000ECC6F610E3E
:101A9000CD6F650E4BEC15F04DD0000ECC6F180ECF
:101AA000CD6F930E4BEC15F0000ECC6F1F0ECD6F6B
:101AB000B10E4BEC15F0000ECC6F260ECD6FB20EB2
:101AC0004BEC15F0000ECC6F300ECD6FA00E4BEC32
:101AD00015F0000ECC6F370ECD6FAD0E4BEC15F040
:101AE000000ECC6F3E0ECD6FAE0E4BEC15F0000E1F
:101AF000CC6F450ECD6FB20E4BEC15F0000ECC6FD7
:101B00004C0ECD6FA80E4BEC15F0000ECC6F530EA3
:101B1000CD6FB20E4BEC15F0000ECC6F5A0ECD6FA0
:101B2000B60E4BEC15F0000ECC6F610ECD6FA40E0F
:101B30004BEC15F06EC086F06FC087F04D500AE197
:101B4000640E4C5CD8B006D0300EDA6F040E1AEC7E
:101B50002AF005D02E0EDA6F040E1AEC2AF0C851C6
:101B6000D8B41DD0040ECC6F5A0ECD6F6D0E4BEC59
:101B700015F0040ECC6F610ECD6F6D0E4BEC15F0B1
:101B8000040ECC6F680ECD6F480E4BEC15F0040EB2
:101B9000CC6F6F0ECD6F670E4BEC15F03FD0040E7F
:101BA000CC6F4E0ECD6FAC0EAAEC21F0040ECC6FB4
:101BB000540ECD6FAC0EAAEC21F0040ECC6F5A0E71
:101BC000CD6FC10EAAEC21F0040ECC6F600ECD6F6C
:101BD000B00EAAEC21F0040ECC6F660ECD6FB20EE3
:101BE000AAEC21F0040ECC6F6C0ECD6FC10EAAECE6
:101BF00021F0040ECC6F720ECD6FB10EAAEC21F065
:101C0000040ECC6F780ECD6FB20EAAEC21F0040E4C
:101C1000CC6F7E0ECD6FC10EAAEC21F0C96B120005
:101C20004E50845D4F508559D8B02AD084514E5CB7
:101C3000F16F85514F58F26FF1C0CAF0F2C0CBF08E
:101C4000CC6BCD6B000E70EC2EF0CAC0D8F0CBC0C0
:101C5000D9F0CCC0DAF0CDC0DBF060C0DCF061C000
:101C6000DDF062C0DEF063C0DFF024EC1FF0D8C00E
:101C7000F3F0D9C0F4F0DAC0F5F0DBC0F6F008D02C
:101C8000000EF36F000EF46F000EF56F000EF66F8E
:101C9000F3C0E3F0F4C0E4F0F5C0E5F0F6C0E6F020
:101CA00091EC3DF0E3C066F0E4C067F09E51D8A42B
:101CB00028D0FB0E4C24F16FFF0E4D20F26FF15136
:101CC000665DF2516759D8A005D04CC066F04DC092
:101CD00067F017D066C0CFF067C0D0F0000ED26FAB
:101CE000050ED16FABEC45F0060ECF03F3CFF1F04C
:101CF000F4CFF2F0D003F350F227F1C066F0F2C057
:101D000067F0675103E1050E665DD8B0B6D2000EEC
:101D1000676F000E666FB1D2AB51D8A438D0010EF8
:101D2000AB6FC851D8B41AD0140ECC6F020E1AEC97
:101D300033F0DE0EDB6FFF0EDC6F020EDD6F320E56
:101D4000DE6F64EC3FF0280EDB6FFF0EDC6F040EDD
:101D5000DD6F0A0EDE6F64EC3FF019D0140ECC6F0D
:101D6000020E1AEC33F0A40EDB6FFE0EDC6F020ED7
:101D7000DD6F320EDE6F64EC3FF0440EDB6FFE0E63
:101D8000DC6F040EDD6F0E0EDE6F64EC3FF0020EB2
:101D9000A219D8A486D0C851D8B430D0110ECC6FB7
:101DA000000E29EC34F01C0ECC6F000EDCEC43F07E
:101DB000220EDE6F4CC0DFF04DC0E0F0000EDDEC17
:101DC00030F0000ECC6F340ECD6F000EB7EC26F065
:101DD000000ECC6F3A0ECD6F000EB7EC26F0000E61
:101DE000CC6F400ECD6F240EB7EC26F0000ECC6FFA
:101DF000460ECD6F300EB7EC26F0D8D0110ECC6F5A
:101E0000000E29EC34F01F0ECC6F000EDCEC43F01A
:101E1000250EDE6F4CC0DFF04DC0E0F0000EDDECB3
:101E200030F0000ECC6F3C0ECD6FAC0EAAEC21F062
:101E3000000ECC6F420ECD6FAC0EAAEC21F0000E5E
:101E4000CC6F480ECD6FC10EAAEC21F0000ECC6F06
:101E50004E0ECD6FB00EAAEC21F0000ECC6F540EDA
:101E6000CD6FB20EAAEC21F0000ECC6F5A0ECD6FE2
:101E7000C10EAAEC21F0000ECC6F600ECD6FB10E3A
:101E8000AAEC21F0000ECC6F660ECD6FB20EAAEC5C
:101E900021F0000ECC6F6C0ECD6FC10EAAEC21F0BC
:101EA00085D0C851D8B430D0110ECC6F000EB0EC34
:101EB00034F01C0ECC6F000EDCEC43F0210EDE6F14
:101EC0004CC0DFF04DC0E0F0000EDDEC30F0000E55
:101ED000CC6F340ECD6F000EB7EC26F0000ECC6F39
:101EE0003A0ECD6F000EB7EC26F0000ECC6F400E10
:101EF000CD6F240EB7EC26F0000ECC6F460ECD6FE2
:101F0000300EB7EC26F052D0110ECC6F000EB0ECB4
:101F100034F01F0ECC6F000EDCEC43F0250EDE6FAC
:101F20004CC0DFF04DC0E0F0000EDDEC30F0000EF4
:101F3000CC6F3C0ECD6FAC0EAAEC21F0000ECC6F36
:101F4000420ECD6FAC0EAAEC21F0000ECC6F480E05
:101F5000CD6FC10EAAEC21F0000ECC6F4E0ECD6FEE
:101F6000B00EAAEC21F0000ECC6F540ECD6FB20E65
:101F7000AAEC21F0000ECC6F5A0ECD6FC10EAAEC68
:101F800021F0000ECC6F600ECD6FB10EAAEC21F0E7
:101F9000000ECC6F660ECD6FB20EAAEC21F0000ED3
:101FA000CC6F6C0ECD6FC10EAAEC21F0A051D8B44D
:101FB00006D06C0ECC6F060E37EC35F012006C0EAE
:101FC000CC6F060E63EC3BF01200C6EC18F088EC08
:101FD00046F0120083EC13F0FAD74CC068F04DC005
:101FE00069F0020EA219D8A473D0110ECC6F000EA6
:101FF00029EC34F01F0ECC6F000EDCEC43F0250E04
:10200000DE6F68C0DFF069C0E0F0000EDDEC30F09C
:10201000C851D8B41DD0000ECC6F370ECD6F000E56
:10202000B7EC26F0000ECC6F3D0ECD6F000EB7EC76
:1020300026F0000ECC6F430ECD6F240EB7EC26F0C9
:10204000000ECC6F490ECD6F300EB7EC26F0B6D037
:10205000000ECC6F3C0ECD6FAC0EAAEC21F0000E42
:10206000CC6F430ECD6FAC0EAAEC21F0000ECC6FFE
:102070004A0ECD6FC10EAAEC21F0000ECC6F510EAE
:10208000CD6FB00EAAEC21F0000ECC6F580ECD6FC4
:10209000B20EAAEC21F0000ECC6F5F0ECD6FC10E18
:1020A000AAEC21F0000ECC6F660ECD6FB10EAAEC3B
:1020B00021F0000ECC6F6D0ECD6FB20EAAEC21F0A8
:1020C000000ECC6F740ECD6FC10EAAEC21F076D04D
:1020D000030EA219D8A472D0110ECC6F000EB0EC72
:1020E00034F01F0ECC6F000EDCEC43F0250EDE6FDB
:1020F00068C0DFF069C0E0F0000EDDEC30F0C851E0
:10210000D8B41DD0000ECC6F370ECD6F000EB7ECDB
:1021100026F0000ECC6F3D0ECD6F000EB7EC26F012
:10212000000ECC6F430ECD6F240EB7EC26F0000EE0
:10213000CC6F490ECD6F300EB7EC26F03FD0000EBD
:10214000CC6F3C0ECD6FAC0EAAEC21F0000ECC6F24
:10215000430ECD6FAC0EAAEC21F0000ECC6F4A0EF0
:10216000CD6FC10EAAEC21F0000ECC6F510ECD6FD9
:10217000B00EAAEC21F0000ECC6F580ECD6FB20E4F
:10218000AAEC21F0000ECC6F5F0ECD6FC10EAAEC51
:1021900021F0000ECC6F660ECD6FB10EAAEC21F0CF
:1021A000000ECC6F6D0ECD6FB20EAAEC21F0000EBA
:1021B000CC6F740ECD6FC10EAAEC21F088EC46F006
:1021C0009951D8A41200C851D8B41CD0570EDB6F57
:1021D000FF0EDC6F030EDD6F140EDE6F64EC3FF05C
:1021E000060ECC6F040ECD6F7C0EAAEC21F0300EE3
:1021F000DD6FFF0EDE6F060EDF6F100EE06FA1ECDD
:1022000044F012005C0EDB6FFE0EDC6F030EDD6F20
:10221000140EDE6F64EC3FF0060ECC6F040ECD6F33
:102220007C0EAAEC21F0E50EDB6FFE0EDC6F060ED5
:10223000DD6F100EDE6F64EC3FF0120085EC08F0ED
:102240001200BE510F0B050AD8A409D0C851D8B44A
:1022500003D07DEC42F01200EFEC3DF0120081EC77
:1022600045F0000ECB6FAE0ECA6FC5EC47F0120002
:10227000E5EC24F0B0C08DF012005B50000AD8B439
:102280001200010AD8B448D5030AD8B49ED6010A70
:10229000D8B4A0D6070AD8B4D1D7010AD8B49DD6ED
:1022A000030AD8B41200010AD8B4CBD70F0AD8A4B5
:1022B0001200DED7000E156E000E146E4C504D103D
:1022C000D8A417D0F3EC47F00101A2510A6EA35134
:1022D0000B6EA24BA32BE90E0A5C030E0B58D8A081
:1022E00006D08A92040EA36F4C0EA26F12008A824F
:1022F00012004CC008F04DC009F013EC41F0000E84
:102300000101A36F000EA26F5AA609D0000EA56F9F
:10231000000EA46F8A908A92F3EC47F012004CC032
:1023200001F04DC002F0ACC103F0ADC104F0C7EC48
:1023300046F001C00EF002C00FF000017E514C24A7
:10234000126E7F514D20136E400E125C010E135819
:10235000D8A004D0010E136E3D0E126E4A500E5CD2
:102360004B500F58D8A059D0B86B000E01019F6F89
:10237000000E9E6F0001B42B310EB46505D0B46B16
:10238000000E816F000E806FB56B000E0101A56F0E
:10239000000EA46F000E5C6F000E5D6F000E5E6F8E
:1023A000000E5F6F000EAB6F000EAA6F000EA96FDC
:1023B000000EA86F5A980001B651D8A49DD1010112
:1023C000B04BB12BB15104E10B0EB05DD8A094D14C
:1023D000000EB16F000EB06F5904D8A403D0020EE6
:1023E0005818D8B48A925AA013D0E10E0001825D29
:1023F0002E0E8359D8B006D0610E825D540E8359DB
:10240000D8A006D0F3EC47F0010E0001BF6F74D1E5
:10241000EFEC47F00001BF6B6FD112504A5C1350D4
:102420004B58D8A08CD0804B812BE80E805D030EDA
:102430008159D8A004D0030E816FE80E806F4CC084
:1024400001F04DC002F0000E046E0A0E036ED4ECD3
:1024500045F0020E0124146E000E0220156E155078
:1024600008E10F0E145CD8B004D0000E156E0F0EEC
:10247000146E030E5B18D8A406D0040E1424146E38
:10248000000E1520156E140E1402F3CF0AF0F4CFCF
:102490000BF01502F3500B260AC014F00BC015F018
:1024A000155008E1150E145CD8B004D0000E156E5E
:1024B000140E146E900E145C010E1558D8A004D0A2
:1024C000010E156E900E146E00018051145C815146
:1024D0001558D8B005D0F3EC47F08B9E0001C06BC7
:1024E000F30E14240A6E010E15200B6E80510A5C47
:1024F00081510B58D8B015D0B651D8A412D00101D3
:10250000C04BC12B0001BD6B010EB66FB76B000E47
:102510000101B36F000EB26F000E0001816F000E5B
:10252000806FB86B000E01019F6F000E9E6F00015F
:10253000B56B000E0101A56F000EA46FDDD05AA08F
:102540000DD0E10E825D2E0E8359D8B005D0610EFC
:10255000825D540E8359D8B0F3EC47F05CC10AF0A9
:102560005DC10BF05EC10CF05FC10DF001015C2B91
:10257000000E5D235E235F230D5007E1210E0A5CF0
:10258000BF0E0B58020E0C58D8B05A880001B52B5C
:10259000310EB56506D0B46BB56B000E816F000EC1
:1025A000806F01019E4B9F2B4B5004E1460E4A5C0D
:1025B000D8A00CD0030E5B18D8A404D0170E116E4F
:1025C000700E0FD00B0E116EB80E0BD0030E5B18F1
:1025D000D8A404D0270E116E100E03D0130E116E66
:1025E000880E106E10509E5D11509F59D8A084D057
:1025F0000001B851020D3A0EF324D96E010EF420F9
:10260000DA6E4AC0DEFF4BC0DDFFB82B070EB8659F
:102610006ED001013A51481904E13B514919D8B42F
:102620000DD0010E48250A6E000E49210B6E3A515D
:102630000A183DE13B510B18D8A439D0495104E1A7
:10264000460E485DD8A002D05A8832D0495104E1E4
:102650003A0E485DD8A02CD03E513C250A6E3F5121
:102660003D210B6E40510A2641510B2242510A2650
:1026700043510B2244510A2645510B2246510A264A
:1026800047510B223A510A24016E3B510B20026E36
:10269000000E046E070E036ED4EC45F001014851A4
:1026A000011806E149510218D8B4CED701D05A9882
:1026B0003CC13AF13DC13BF13EC13CF13FC13DF16E
:1026C00040C13EF141C13FF142C140F143C141F13E
:1026D00044C142F145C143F146C144F147C145F10E
:1026E00048C146F149C147F1070E0001B86F000E1D
:1026F00001019F6F000E9E6F0001B651D8B4120009
:10270000BFEC3FF012005950D8A405D04CC068F07F
:102710004DC069F004D076C068F077C069F08D5183
:10272000B019D8A481EC45F0C405D8A407D056EC64
:1027300045F0000E0101696F010E686F0001B05194
:10274000D8B403D0E5EC24F0A3D1C405D8A41BD0A1
:1027500081EC45F0C851D8B40BD0710EDB6FFF0E81
:10276000DC6F030EDD6F140EDE6F64EC3FF090D172
:10277000690EDB6FFE0EDC6F030EDD6F220EDE6F67
:1027800064EC3FF085D1010168056911D8A406D039
:10279000000E696F000E686F56EC45F008EC3FF0D4
:1027A000110E0001CC6F000EB0EC34F01F0ECC6F98
:1027B000000EDCEC43F0250EDE6F68C0DFF069C070
:1027C000E0F0000EDDEC30F0C851D8B459D0000E66
:1027D000CC6F390ECD6F000EB7EC26F0000ECC6F2B
:1027E0003F0ECD6F000EB7EC26F0000ECC6F450EFD
:1027F000CD6F240EB7EC26F0000ECC6F4B0ECD6FD4
:10280000300EB7EC26F0500EDE6F74C0DFF075C0EE
:10281000E0F0020E6DEC31F0020ECC6F6A0ECD6F5F
:102820006D0E4BEC15F0020ECC6F710ECD6F690E74
:102830004BEC15F0020ECC6F780ECD6F6E0E4BEC9C
:1028400015F0500EDE6F72C0DFF073C0E0F0040EC2
:102850006DEC31F0040ECC6F6A0ECD6F6D0E4BEC4B
:1028600015F0040ECC6F710ECD6F690E4BEC15F0A8
:10287000040ECC6F780ECD6F6E0E4BEC15F065D05C
:10288000000ECC6F3C0ECD6FAC0EAAEC21F0000E0A
:10289000CC6F430ECD6FAC0EAAEC21F0000ECC6FC6
:1028A0004A0ECD6FC10EAAEC21F0000ECC6F510E76
:1028B000CD6FB00EAAEC21F0000ECC6F580ECD6F8C
:1028C000B20EAAEC21F0000ECC6F5F0ECD6FC10EE0
:1028D000AAEC21F0000ECC6F660ECD6FB10EAAEC03
:1028E00021F0000ECC6F6D0ECD6FB20EAAEC21F070
:1028F000000ECC6F740ECD6FC10EAAEC21F0500EFD
:10290000DE6F74C0DFF075C0E0F0020E6DEC31F0E8
:10291000240EDB6FFF0EDC6F020EDD6F6A0EDE6FC2
:1029200064EC3FF0500EDE6F72C0DFF073C0E0F079
:10293000040E6DEC31F0240EDB6FFF0EDC6F040E25
:10294000DD6F6A0EDE6F64EC3FF08F2B8F05ED6F4D
:10295000320EED6505D08F6B66C06CF167C06DF10E
:102960000101664B672B675104E1090E665DD8A033
:102970000ED0000E676F000E666F6CC1D6F06DC191
:10298000D7F060EC41F0D6C072F1D7C073F15904B2
:10299000D8A403D05804D8B440D001016E5100012E
:1029A000ED6F01016F510001EE6F01016E4B6F2B56
:1029B0000001EE5104E1030EED5DD8A01DD0000E24
:1029C00001016F6F000E6E6F72C1CFF073C1D0F056
:1029D000000E0001D26F050ED16FABEC45F0050E75
:1029E000CF03F3CFEDF0F4CFEEF0D003F350EE27AA
:1029F000EDC086F0EEC087F0050E4C24ED6F000EA2
:102A00004D20EE6FED51865DEE518759D8A01DD057
:102A10004CC086F04DC087F018D05804D8A415D00B
:102A200001019A519B11D8A404D04AC086F04BC032
:102A300087F09A4B9B2B9B5104E1320E9A5DD8A0F4
:102A400004D0000E9B6F000E9A6F1E0E0001DA6F0D
:102A5000040EA5EC2BF00C0ECC6F020E0EEC44F025
:102A6000C851D8B40BD08A0EDD6FFF0EDE6F060E94
:102A7000DF6F020EE06FA1EC44F00AD0760EDB6F40
:102A8000FE0EDC6F060EDD6F020EDE6F64EC3FF0B3
:102A9000B0C08DF01200D46F1F0E0001D465B1D00C
:102AA000800ED461AED0D4C0DBF0DC6BDC5104E12D
:102AB0005B0EDB5DD8A017D09F0EDB25CE6FFF0E1F
:102AC000DC21CF6F0E0ECE03F3CFD0F0F4CFD1F0D8
:102AD000CF03F350D127D0C0DBF0D1C0DCF0D80E4B
:102AE000D26FFC0EA7D0DC5104E1290EDB5DD8A02B
:102AF00017D0BF0EDB25CE6FFF0EDC21CF6F0E0E81
:102B0000CE03F3CFD0F0F4CFD1F0CF03F350D127E1
:102B1000D0C0DBF0D1C0DCF06C0ED26FFB0E8AD0DF
:102B2000CC510608D56FCD517A08D86FD8390F0B24
:102B3000D66FD8510F0BD76FB00ED525CA6FCB6BA0
:102B4000000ECB23C5EC47F0100E0001D625CA6F4E
:102B5000CB6B000ECB23C5EC47F0D7C0CAF0000109
:102B6000CB6BC5EC47F0DBC0D9F0DCC0DAF008D0A5
:102B7000000ECB6F000ECA6FBCEC47F0D94BDA2BBE
:102B8000020E0001DB25CE6F000EDC21CF6FCE518F
:102B9000D95DCF51DA59D8A0EBD7B10ED525CA6F80
:102BA000CB6B000ECB23C5EC47F0100E0001D625F1
:102BB000CA6FCB6B000ECB23C5EC47F0D7C0CAF071
:102BC0000001CB6BC5EC47F0020E0001DB25D96F8D
:102BD000000EDC21DA6F08D0000ECB6F000ECA6F3A
:102BE000BCEC47F0D94BDA2B040EDB25CE6F000E80
:102BF000DC21CF6FCE51D95DCF51DA59D8B0120058
:102C0000EBD77F0ED46518D0800ED425CE6FCF6B56
:102C1000FF0ECF230E0ECE03F3CFD0F0F4CFD1F0C2
:102C2000CF03F350D127D0C0DBF0D1C0DCF01C0EB5
:102C3000D26FF70ED36F71D0CC510608D56FCD513E
:102C40007A08D86FD8390F0BD66FD8510F0BD76FC2
:102C5000B00ED525CA6FCB6B000ECB23C5EC47F069
:102C6000100E0001D625CA6FCB6B000ECB23C5EC2E
:102C700047F0D7C0CAF00001CB6BC5EC47F0DBC012
:102C8000D9F0DCC0DAF008D0000ECB6F000ECA6FAE
:102C9000BCEC47F0D94BDA2B020E0001DB25CE6FDE
:102CA000000EDC21CF6FCE51D95DCF51DA59D8A0BB
:102CB000EBD7B10ED525CA6FCB6B000ECB23C5EC7D
:102CC00047F0100E0001D625CA6FCB6B000ECB2348
:102CD000C5EC47F0D7C0CAF00001CB6BC5EC47F09C
:102CE000020E0001DB25D96F000EDC21DA6F08D05F
:102CF000000ECB6F000ECA6FBCEC47F0D94BDA2B3D
:102D0000040EDB25CE6F000EDC21CF6FCE51D95DD6
:102D1000CF51DA59D8B01200EBD7CC510608D56F95
:102D2000CD517A08D86FD8390F0BD66FD8510F0B09
:102D3000D76FB00ED525CA6FCB6B000ECB23C5EC79
:102D400047F0100E0001D625CA6FCB6B000ECB23C7
:102D5000C5EC47F0D7C0CAF00001CB6BC5EC47F01B
:102D6000DBC0D9F0DCC0DAF012D0D951D225CE6F59
:102D7000DA51D321CF6FCEC0F6FFCFC0F7FF0800E6
:102D8000F550CA6FCB6BBCEC47F0D94BDA2B070E72
:102D90000001DB25CE6F000EDC21CF6FCE51D95D57
:102DA000CF51DA59D8A0E1D7B10ED525CA6FCB6B78
:102DB000000ECB23C5EC47F0100E0001D625CA6FDC
:102DC000CB6B000ECB23C5EC47F0D7C0CAF0000197
:102DD000CB6BC5EC47F0070E0001DB25D96F000E69
:102DE000DC21DA6F12D0D951D225CE6FDA51D3213E
:102DF000CF6FCEC0F6FFCFC0F7FF0800F550CA6F07
:102E0000CB6BBCEC47F0D94BDA2B0E0EDB25CE6F2B
:102E1000000EDC21CF6FCE51D95DCF51DA59D8B039
:102E20001200E1D7070E5B18D8B41DD05B50D8B4A0
:102E30001AD0000E01018B6F000E8A6F0001A005F1
:102E4000D8B46CD1B80EA619D8A468D1A405D8B44A
:102E50001200010EA46FAC6B81EC45F0070E5B6EA7
:102E6000070EA36F5BD1070E5B18D8A457D10001E2
:102E7000BE510F0B050AD8B451D101018A5100018E
:102E8000ED6F01018B510001EE6F01018A4B8B2B1D
:102E90000001EE5104E1330EED5DD8A03FD18B501F
:102EA000BF0B8B6E8992000ECA6FA00ECB6F000E07
:102EB000CC6F000ECD6F46EC47F0000E0001CA6FDC
:102EC000A00ECB6F000ECC6F000ECD6F78C0CEF091
:102ED00079C0CFF0E6EC46F0020E0001CA6FA00EFA
:102EE000CB6F000ECC6F000ECD6F74C0CEF075C0EE
:102EF000CFF0E6EC46F0040E0001CA6FA00ECB6FD7
:102F0000000ECC6F000ECD6F72C0CEF073C0CFF04C
:102F1000E6EC46F0060E0001CA6FA00ECB6F000E65
:102F2000CC6F000ECD6FA2C0CEF0CF6BE6EC46F0BA
:102F3000000E0001CE6F000ECF6F7A0ED06F440EE0
:102F4000D16F60C0CAF061C0CBF062C0CCF063C08A
:102F5000CDF078EC1AF0CAC0E3F0CBC0E4F0CCC0FE
:102F6000E5F0CDC0E6F091EC3DF0E3C06CF0E4C0DC
:102F70006DF06CC0CFF06DC0D0F0030ED26FE80ED4
:102F8000D16FABEC45F0CFC094F1D0C095F1030EFA
:102F9000CD6FE80ECC6F6CC0CAF06DC0CBF047ECC3
:102FA00046F0CAC0CFF0CBC0D0F0000ED26F640E96
:102FB000D16FABEC45F0CFC092F1D0C093F1030ECE
:102FC000CD6FE80ECC6F6CC0CAF06DC0CBF047EC93
:102FD00046F0CAC0F1F0CBC0F2F0000ECD6F640E27
:102FE000CC6FF1C0CAF0F2C0CBF047EC46F0CAC0DB
:102FF000CFF0CBC0D0F0000ED26F0A0ED16FABEC89
:1030000045F0CFC090F1D0C091F1030ECD6FE80E26
:10301000CC6F6CC0CAF06DC0CBF047EC46F0CAC0B4
:10302000F1F0CBC0F2F0000ECD6F640ECC6FF1C0AA
:10303000CAF0F2C0CBF047EC46F0CAC0EFF0CBC00C
:10304000F0F0EFC0CAF0F0C0CBF0000ECD6F0A0E6A
:10305000CC6F47EC46F0CAC08EF1CBC08FF1080EA2
:10306000CA6FA00ECB6F000ECC6F000ECD6F94C157
:10307000CEF095C1CFF0E6EC46F00A0E0001CA6F23
:10308000A00ECB6F000ECC6F000ECD6F92C1CEF0B4
:1030900093C1CFF0E6EC46F00C0E0001CA6FA00E13
:1030A000CB6F000ECC6F000ECD6F90C1CEF091C1F2
:1030B000CFF0E6EC46F00E0E0001CA6FA00ECB6F0B
:1030C000000ECC6F000ECD6F8EC1CEF08FC1CFF051
:1030D000E6EC46F000017C51C8117C6F7D517D6F9C
:1030E000100ECA6FA00ECB6F000ECC6F000ECD6F0E
:1030F0007CC0CEF07DC0CFF0E6EC46F0120E0001B1
:10310000CA6FA00ECB6F000ECC6F000ECD6F76C0D5
:10311000CEF077C0CFF0E6EC46F08B94A40E000121
:10312000A619D8A406D0A06B000E0101976F000E5F
:10313000966F240E0001A619D8A406D0A06B000E2D
:103140000101976F000E966F0001A051D8A416D010
:103150005B04D8A413D0A951D8A410D0980EA619F6
:10316000D8A40CD0010EA96FC851D8A403D0FE0E6C
:10317000C86F01D0C86BAB6B81EC45F09D515B18FB
:10318000D8A481EC45F05BC09DF012004CC068F003
:103190004DC069F08D51B019D8A481EC45F0C4053B
:1031A000D8B456EC45F0B051D8B403D0E5EC24F0D7
:1031B0009CD1C405D8A420D0000E01016B6F010E74
:1031C0006A6F81EC45F0C851D8B40BD0710EDB6F3B
:1031D000FF0EDC6F030EDD6F140EDE6F64EC3FF04C
:1031E00084D1690EDB6FFE0EDC6F030EDD6F220EE5
:1031F000DE6F64EC3FF079D101016A056B11D8A450
:1032000007D056EC45F0000E01016B6F000E6A6F9F
:1032100008EC3FF0110E0001CC6F000E29EC34F0E9
:103220001F0ECC6F000EDCEC43F0250EDE6F68C085
:10323000DFF069C0E0F0000EDDEC30F0C851D8B42A
:103240001DD0000ECC6F390ECD6F000EB7EC26F0FE
:10325000000ECC6F3F0ECD6F000EB7EC26F0000EC7
:10326000CC6F450ECD6F240EB7EC26F0000ECC6F60
:103270004B0ECD6F300EB7EC26F03FD0000ECC6F6A
:103280003C0ECD6FAC0EAAEC21F0000ECC6F430EBD
:10329000CD6FAC0EAAEC21F0000ECC6F4A0ECD6FB4
:1032A000C10EAAEC21F0000ECC6F510ECD6FB00E06
:1032B000AAEC21F0000ECC6F580ECD6FB20EAAEC26
:1032C00021F0000ECC6F5F0ECD6FC10EAAEC21F085
:1032D000000ECC6F660ECD6FB10EAAEC21F0000E81
:1032E000CC6F6D0ECD6FB20EAAEC21F0000ECC6F3C
:1032F000740ECD6FC10EAAEC21F08F2B8F05ED6FF0
:10330000320EED6505D08F6B66C06CF167C06DF154
:103310000101664B672B675104E1090E665DD8A079
:103320000ED0000E676F000E666F6CC1D6F06DC1D7
:10333000D7F060EC41F0D6C072F1D7C073F1010153
:103340006E510001ED6F01016F510001EE6F01013F
:103350006E4B6F2B0001EE5104E1030EED5DD8A022
:103360001DD0000E01016F6F000E6E6F72C1CFF0A5
:1033700073C1D0F0000E0001D26F050ED16FABEC1F
:1033800045F0050ECF03F3CFEDF0F4CFEEF0D00310
:10339000F350EE27EDC086F0EEC087F0050E4C240A
:1033A000ED6F000E4D20EE6F8651ED5D8751EE59A9
:1033B000D8A00CD07E514C5CED6F7F514D58EE6F14
:1033C0008651ED5D8751EE59D8B004D04CC086F0DF
:1033D0004DC087F0C851D8B427D01E0EDA6F040E46
:1033E000A5EC2BF00C0ECC6F020E0EEC44F0040E8C
:1033F000CC6F4C0ECD6F6D0E4BEC15F0040ECC6FF8
:10340000530ECD6F6D0E4BEC15F0040ECC6F5A0EB3
:10341000CD6F480E4BEC15F0040ECC6F610ECD6FE6
:10342000670E4BEC15F049D0140EDA6F040EA5ECC4
:103430002BF0060ECC6F020E0EEC44F0040ECC6F97
:10344000420ECD6FAC0EAAEC21F0040ECC6F490EEB
:10345000CD6FAC0EAAEC21F0040ECC6F500ECD6FE8
:10346000C10EAAEC21F0040ECC6F570ECD6FB00E3A
:10347000AAEC21F0040ECC6F5E0ECD6FB20EAAEC5A
:1034800021F0040ECC6F650ECD6FC10EAAEC21F0B9
:10349000040ECC6F6C0ECD6FB10EAAEC21F0040EB1
:1034A000CC6F730ECD6FB20EAAEC21F0040ECC6F70
:1034B0007A0ECD6FC10EAAEC21F0C851D8B40BD052
:1034C0008A0EDD6FFF0EDE6F060EDF6F020EE06FFD
:1034D000A1EC44F00AD0760EDB6FFE0EDC6F060E18
:1034E000DD6F020EDE6F64EC3FF0B0C08DF01200B5
:1034F000CD51800BD66FCD51CD25DC6FCCBFDC819B
:10350000DC51D8B40DD0DC29D8A408D0000ECA6F85
:10351000000ECB6F000ECC6F000ECD6FCC8F08D09D
:10352000000ECA6F000ECB6F000ECC6F000ECD6F79
:10353000D151800BD61BD151D125D76FD0BFD781A8
:10354000D751D8B40DD0D729D8A408D0000ECE6F4B
:10355000000ECF6F000ED06F000ED16FD08F08D04D
:10356000000ECE6F000ECF6F000ED06F000ED16F29
:10357000D751D8B403D0DC51D8A409D0000ECA6FFB
:10358000000ECB6F000ECC6F000ECD6F1200D0512D
:10359000CA03F3CFE1F0F4CFE2F0E151D86FD96B79
:1035A000DA6BDB6BE251DD6FDE6BDF6BE06BCF5113
:1035B000CB03F3CFE1F0F4CFE2F0E151D827000ED6
:1035C000D923DA23DB23E251DD27000EDE23DF23BC
:1035D000E023CE51CC03F3CFE1F0F4CFE2F0E151A0
:1035E000D827000ED923DA23DB23E251DD27000E92
:1035F000DE23DF23E023DAC0DBF0D9C0DAF0D8C065
:10360000D9F0D86BCE51CB03F3CFE1F0F4CFE2F099
:10361000E151D827E251D923000EDA23000EDB2333
:10362000CF51CA03F3CFE1F0F4CFE2F0E151D82754
:10363000E251D923000EDA23000EDB23DAC0DBF0DF
:10364000D9C0DAF0D8C0D9F0D86BCE51CA03F3CFC5
:10365000E1F0F4CFE2F0E151D827E251D923000E96
:10366000DA23000EDB23D051CB03F3CFE1F0F4CF0C
:10367000E2F0E151DD27E251DE23000EDF23000EF0
:10368000E023CF51CC03F3CFE1F0F4CFE2F0E151EE
:10369000DD27E251DE23000EDF23000EE023D051B0
:1036A000CC03F3CFE1F0F4CFE2F0E151D26FE2517D
:1036B000D36FD46BD56BD4C0D5F0D3C0D4F0D2C007
:1036C000D3F0D26BD251DD27D351DE23D451DF2387
:1036D000D551E023DB51DD27000EDE23DF23E0237D
:1036E000DAC0DBF0D9C0DAF0D8C0D9F0D86BD75146
:1036F000DCC0D2F0D36BD227000ED323820ED225AA
:10370000E16FFF0ED321E26F0FD0D890DD37DE37A7
:10371000DF37E037DBBFDD81D890D837D937DA37EC
:10372000DB37E107D8A0E207DFAFEFD7D76BDBAF1E
:1037300017D0FF0ED815D26FFF0ED915D36FFF0E1D
:10374000DA15D46F7F0EDB15D56FD251D311D4119A
:10375000D511D8B403D0010ED76F02D0DDB1FBD79D
:10376000D751D8B41FD0010EDD27000EDE23DF2392
:10377000E023E0A117D0DDC0D2F0DEC0D3F0DFC07F
:10378000D4F0E0C0D5F0D535D533D433D333D233EC
:10379000D2C0DDF0D3C0DEF0D4C0DFF0D5C0E0F0A1
:1037A000E14BE22BE2BF0DD0E25103E1E129D8A0C9
:1037B00008D0000EDD6F000EDE6F800EDF6F7F0E13
:1037C0001FD0E2BF05D0E2510DE1E105D8B00AD02B
:1037D000000EDD6F000EDE6F000EDF6F000EE06F7B
:1037E000D66B0FD0E1C0DCF0FF0EDD17FF0EDE1749
:1037F0007F0EDF17000EE017DCB1DF8FD890DC31D1
:10380000E06FD651E013DDC0CAF0DEC0CBF0DFC000
:10381000CCF0E0C0CDF012002250800B2B6E225075
:103820002224316E21BE31803150D8B40DD03128E0
:10383000D8A408D0000E1F6E000E206E000E216E60
:10384000000E226E218E08D0000E1F6E000E206E1C
:10385000000E216E000E226E2650800B2B1A265071
:1038600026242C6E25BE2C802C50D8B40DD02C28AC
:10387000D8A408D0000E236E000E246E000E256E14
:10388000000E266E258E08D0000E236E000E246ECC
:10389000000E256E000E266E2C50D8B403D0315089
:1038A000D8A409D0000E1F6E000E206E000E216EEF
:1038B000000E226E120025501F02F3CF36F0F4CF17
:1038C00037F036502D6E2E6A2F6A306A3750326EBE
:1038D000336A346A356A24502002F3CF36F0F4CFCD
:1038E00037F036502D26000E2E222F223022375050
:1038F0003226000E33223422352223502102F3CF08
:1039000036F0F4CF37F036502D26000E2E222F221F
:10391000302237503226000E3322342235222FC077
:1039200030F02EC02FF02DC02EF02D6A2350200233
:10393000F3CF36F0F4CF37F036502D2637502E2205
:10394000000E2F22000E302224501F02F3CF36F03B
:10395000F4CF37F036502D2637502E22000E2F226E
:10396000000E30222FC030F02EC02FF02DC02EF0D0
:103970002D6A23501F02F3CF36F0F4CF37F03650C4
:103980002D2637502E22000E2F22000E30222550D9
:103990002002F3CF36F0F4CF37F0365032263750CE
:1039A0003322000E3422000E352224502102F3CFA0
:1039B00036F0F4CF37F03650322637503322000E2F
:1039C0003422000E352225502102F3CF36F0F4CFF9
:1039D00037F03650276E3750286E296A2A6A29C078
:1039E0002AF028C029F027C028F0276A275032265D
:1039F00028503322295034222A5035223050322682
:103A0000000E3322342235222FC030F02EC02FF08A
:103A10002DC02EF02D6A2C5031C027F0286A2726A1
:103A2000000E2822820E2724366EFF0E2820376EC5
:103A30000FD0D890323633363436353630BE3280F9
:103A4000D8902D362E362F3630363606D8A037068B
:103A500034AEEFD72C6A30AE17D0FF0E2D14276E80
:103A6000FF0E2E14286EFF0E2F14296E7F0E3014B9
:103A70002A6E2750281029102A10D8B403D0010E1E
:103A80002C6E02D032B0FBD72C50D8B41FD0010E10
:103A90003226000E33223422352235A017D032C010
:103AA00027F033C028F034C029F035C02AF02A347A
:103AB0002A3229322832273227C032F028C033F088
:103AC00029C034F02AC035F0364A372A37BE0DD027
:103AD000375003E13628D8A008D0000E326E000E11
:103AE000336E800E346E7F0E1FD037BE05D0375038
:103AF0000DE13604D8B00AD0000E326E000E336EDF
:103B0000000E346E000E356E2B6A0FD036C031F0C9
:103B1000FF0E3216FF0E33167F0E3416000E3516CA
:103B200031B0348ED8903130356E2B50351232C0D2
:103B30001FF033C020F034C021F035C022F0120055
:103B40001250800B1B6E125012241D6E11BE1D8070
:103B50001D50D8B40ED01D28D8A408D0000E0F6E6A
:103B6000000E106E000E116E000E126E118E126A93
:103B700008D0000E0F6E000E106E000E116E000EBB
:103B8000126E1650800B1C6E1B501C18D8A41B8C78
:103B9000165016241C6E15BE1C801C50D8B40ED0B6
:103BA0001C28D8A408D0000E136E000E146E000E50
:103BB000156E000E166E158E166A08D0000E136E66
:103BC000000E146E000E156E000E166E1D501C5C5D
:103BD000D8B022D01BAC02D0800E1B1A1DC01EF024
:103BE0001CC01DF01EC01CF00FC01EF013C00FF053
:103BF0001EC013F010C01EF014C010F01EC014F050
:103C000011C01EF015C011F01EC015F012C01EF03C
:103C100016C012F01EC016F01E6A1D501CC017F010
:103C2000186A175E000E185A18BE2CD0185004E1FE
:103C30001A0E175CD8A026D00F50101011101210B9
:103C4000D8B402D0010E01D0000E1E6E000E0F6E11
:103C5000000E106E000E116E000E126E1CC01DF0D4
:103C600015D01EA005D0D8901E3001091E6E02D0BE
:103C7000D8901E320FB01E8E123412321132103212
:103C80000F321D2A1C501D5CD8A0EBD71BBC28D0BE
:103C90001D50D8A409D0000E0F6E000E106E000E3D
:103CA000116E000E126E120013500F2614501022C7
:103CB000155011221650122212A071D01EA005D04C
:103CC000D8901E3001091E6E02D0D8901E320FB05F
:103CD0001E8E12341232113210320F321D2A5FD072
:103CE00013500F5C14501058155011581250800A80
:103CF000176E1650800A1758D8B025D00F50135C95
:103D0000176E10501458186E11501558196E125025
:103D100016581A6EFF0E17240F6EFF0E1820106E25
:103D2000FF0E1920116EFF0E1A20126E800E1B1A44
:103D30001E6C1E50D8A40FD0010E0F26000E1022AC
:103D40001122122208D013500F5E1450105A155031
:103D5000115A1650125A0F50101011101210D8A4E8
:103D60001CD01E50D8A419D0000E0F6E000E106E7D
:103D7000000E116E000E126E1200D8900F36103623
:103D8000113612361EBE0F801EA002D0D88001D080
:103D9000D8901E361D50D8A41D0611AEEED71C6A51
:103DA0001EAE0BD01EC017F07F0E1716D8B403D06E
:103DB000010E1C6E02D00FB0FBD71C50D8B420D01F
:103DC000010E0F26000E10221122122212A018D06E
:103DD0000FC017F010C018F011C019F012C01AF07F
:103DE0001A341A3219321832173217C00FF018C0AD
:103DF00010F019C011F01AC012F01D28D8A41D2A05
:103E00001D28D8B403D01D50D8A40BD0000E0F6EBF
:103E1000000E106E000E116E000E126E1D50D8B402
:103E20001B6A1DA002D0118E01D0119ED8901D30AA
:103E3000126E1BBE128E0FC00FF010C010F011C01A
:103E400011F012C012F01200DB51800BE86FDB5151
:103E5000DB25EF6FDABFEF81EF51D8B40ED0EF2939
:103E6000D8A408D0000ED86F000ED96F000EDA6FFC
:103E7000000EDB6FDA8FDB6B08D0000ED86F000E00
:103E8000D96F000EDA6F000EDB6FDF51800BE81B7D
:103E9000DF51DF25F06FDEBFF081F051D8B40ED0D6
:103EA000F029D8A408D0000EDC6F000EDD6F000EE4
:103EB000DE6F000EDF6FDE8FDF6B08D0000EDC6F71
:103EC000000EDD6F000EDE6F000EDF6FDC51DD11C6
:103ED000DE11DF11D8A417D0000ED86F000ED96FF5
:103EE000000EDA6F000EDB6F800EDA137F0EDB132D
:103EF000E851DB13D8C0D8F0D9C0D9F0DAC0DAF075
:103F0000DBC0DBF01200EF51D8A409D0000ED86F4F
:103F1000000ED96F000EDA6F000EDB6F1200F05149
:103F2000EFC0E0F0E16BE05F000EE15B7F0EE025AB
:103F3000E96F000EE121EA6FD8C0E4F0D9C0E5F0E6
:103F4000DAC0E6F0DBC0E7F0000ED86F000ED96FE4
:103F5000000EDA6F000EDB6F000EEB6F000EEC6FE1
:103F6000000EED6F000EEE6FF06B28D0F051D8B45C
:103F700011D0D890E437E537E637E737D890D8370F
:103F8000D937DA37DB37EEBFD881D890EB37EC374B
:103F9000ED37EE37DC51E45DDD51E559DE51E65990
:103FA000DF51E759D8A009D0EE8DDC51E45FDD5137
:103FB000E55BDE51E65BDF51E75BF02B190EF06548
:103FC000D5D7E451E511E611E711D8B411D0EB8152
:103FD0000FD0D890D837D937DA37DB37EEBFD88152
:103FE000D890EB37EC37ED37EE37E907D8A0EA0782
:103FF000DAAFEFD7F06BEEAF17D0FF0EEB15E06F37
:10400000FF0EEC15E16FFF0EED15E26F7F0EEE1562
:10401000E36FE051E111E211E311D8B403D0010ED6
:10402000F06F02D0D8B1FBD7F051D8B41FD0010E39
:10403000D827000ED923DA23DB23DBA117D0D8C081
:10404000E0F0D9C0E1F0DAC0E2F0DBC0E3F0E33544
:10405000E333E233E133E033E0C0D8F0E1C0D9F03C
:10406000E2C0DAF0E3C0DBF0E94BEA2BEABF10D0A4
:10407000EA5103E1E929D8A00BD0000EEA6FE96903
:10408000000ED86F000ED96F000EDA6F000EDB6FD6
:10409000EABF05D0EA5110E1E905D8B00DD0000E15
:1040A000EA6F000EE96F000ED86F000ED96F000E98
:1040B000DA6F000EDB6FE86BE9C0EFF0EFA102D022
:1040C000DA8F01D0DA9FD890EF31DB6F11D7125021
:1040D000800B1F6E12501224266E11BE26802650B1
:1040E000D8B40ED02628D8A408D0000E0F6E000E2B
:1040F000106E000E116E000E126E118E126A08D034
:10410000000E0F6E000E106E000E116E000E126E7D
:104110001650800B1F1A16501624276E15BE2780C6
:104120002750D8B40ED02728D8A408D0000E136E7C
:10413000000E146E000E156E000E166E158E166AA9
:1041400008D0000E136E000E146E000E156E000ED9
:10415000166E1350141015101610D8A417D0000E98
:104160000F6E000E106E000E116E000E126E800E9D
:1041700011127F0E12121F5012120FC00FF010C03A
:1041800010F011C011F012C012F012002650D8A485
:1041900009D0000E0F6E000E106E000E116E000E94
:1041A000126E1200275026C017F0186A175E000E14
:1041B000185A7F0E1724206E000E1820216E0FC093
:1041C0001BF010C01CF011C01DF012C01EF0000E3C
:1041D0000F6E000E106E000E116E000E126E000EAD
:1041E000226E000E236E000E246E000E256E276ACE
:1041F00028D02750D8B411D0D8901B361C361D3685
:104200001E36D8900F3610361136123625BE0F8066
:10421000D890223623362436253613501B5C145092
:104220001C5815501D5816501E58D8A009D0258C62
:1042300013501B5E14501C5A15501D5A16501E5A0E
:10424000272A190E2764D5D71B501C101D101E10CD
:10425000D8B411D022800FD0D8900F361036113636
:10426000123625BE0F80D8902236233624362536C6
:104270002006D8A0210611AEEFD7276A25AE17D0A9
:10428000FF0E2214176EFF0E2314186EFF0E241457
:10429000196E7F0E25141A6E1750181019101A1067
:1042A000D8B403D0010E276E02D00FB0FBD7275031
:1042B000D8B41FD0010E0F26000E10221122122298
:1042C00012A017D00FC017F010C018F011C019F0CD
:1042D00012C01AF01A341A3219321832173217C0B3
:1042E0000FF018C010F019C011F01AC012F0204AD7
:1042F000212A21BE10D0215003E12028D8A00BD0C4
:10430000000E216E2068000E0F6E000E106E000E63
:10431000116E000E126E21BE05D0215010E1200456
:10432000D8B00DD0000E216E000E206E000E0F6E64
:10433000000E106E000E116E000E126E1F6A20C06D
:1043400026F026A002D0118E01D0119ED8902630E2
:10435000126E11D7D66F1F0E0001D6651AD0800ECF
:10436000D66117D0D651CE6FCF6BCE3BCF3BF00E80
:10437000CF17CE510F0BCF13F00ECE17000ECE2558
:10438000D76FFE0ECF21D86F1C0ED725D16FF10E3F
:1043900019D07F0ED66518D0D651CE6FCF6BCE3BDD
:1043A000CF3BF00ECF17CE510F0BCF13F00ECE1721
:1043B000000ECE25D76FF80ECF21D86F1C0ED72553
:1043C000D16FF70ED82107D0000ED86F000ED76F2F
:1043D0001C0ED16FF10ED26FCC510608D36FCD51A8
:1043E0007A08D06FD0390F0BD46FD0510F0BD56F27
:1043F000D751D811D8A456D0B00ED325CA6FCB6BE5
:10440000000ECB23C5EC47F0100E0001D425CA6F77
:10441000CB6B000ECB23C5EC47F0D5C0CAF0000132
:10442000CB6BC5EC47F0000E0001DA6F000ED96FC0
:10443000000ECB6F000ECA6FBCEC47F0D94BDA2BE5
:10444000DA5104E1020ED95DD8A0F2D7B10ED3251E
:10445000CA6FCB6B000ECB23C5EC47F0100E0001EA
:10446000D425CA6FCB6B000ECB23C5EC47F0D5C06B
:10447000CAF00001CB6BC5EC47F0000E0001DA6F0B
:10448000000ED96F000ECB6F000ECA6FBCEC47F068
:10449000D94BDA2BDA5105E1020ED95DD8B0120002
:1044A000F1D71200B00ED325CA6FCB6B000ECB2311
:1044B000C5EC47F0100E0001D425CA6FCB6B000E7F
:1044C000CB23C5EC47F0D5C0CAF00001CB6BC5ECDF
:1044D00047F00F0E0001D725D96F000ED821DA6FF3
:1044E00017D0D751D15DCE6FD851D259CF6FD95196
:1044F000CE27DA51CF23CEC0F6FFCFC0F7FF08009A
:10450000F550CA6FCB6BBCEC47F0D907D8A0DA07DF
:10451000070ED725CE6F000ED821CF6FD951CE5DB3
:10452000DA51CF59D8A0DDD7B10ED325CA6FCB6BE6
:10453000000ECB23C5EC47F0100E0001D425CA6F46
:10454000CB6B000ECB23C5EC47F0D5C0CAF0000101
:10455000CB6BC5EC47F0070E0001D725D96F000ED5
:10456000D821DA6F17D0D751D15DCE6FD851D2593B
:10457000CF6FD951CE27DA51CF23CEC0F6FFCFC0AF
:10458000F7FF0800F550CA6FCB6BBCEC47F0D907BA
:10459000D8A0DA07FF0ED725CE6FFF0ED821CF6F38
:1045A000D951CE5DDA51CF59D8B01200DCD7CEEC5C
:1045B00047F00400000E0001CA6FA00ECB6F000E82
:1045C000CC6F000ECD6F25EC46F0CAC07CF1CBC09D
:1045D0007DF1020ECA6FA00ECB6F000ECC6F000EE5
:1045E000CD6F25EC46F0CAC07AF1CBC07BF1040E4A
:1045F000CA6FA00ECB6F000ECC6F000ECD6F25ECF6
:1046000046F0CAC078F1CBC079F1060ECA6FA00E91
:10461000CB6F000ECC6F000ECD6F25EC46F0CAC0FC
:104620007EF1CBC07FF1080ECA6FA00ECB6F000EDB
:10463000CC6F000ECD6F25EC46F0CAC094F1CBC014
:1046400095F10A0ECA6FA00ECB6F000ECC6F000E54
:10465000CD6F25EC46F0CAC092F1CBC093F10C0EA1
:10466000CA6FA00ECB6F000ECC6F000ECD6F25EC85
:1046700046F0CAC090F1CBC091F10E0ECA6FA00EE9
:10468000CB6F000ECC6F000ECD6F25EC46F0CAC08C
:104690008EF1CBC08FF1100ECA6FA00ECB6F000E43
:1046A000CC6F000ECD6F25EC46F0CAC07CF0CBC0BD
:1046B0007DF07CC0C8F0FE0EC819D8A4C86B000EEF
:1046C0007C157C6F800E7D157D6F120ECA6FA00E5B
:1046D000CB6F000ECC6F000ECD6F25EC46F0CAC03C
:1046E00076F0CBC077F030EC47F09EEC47F0DEEC94
:1046F00047F078EC43F0A9EC47F02DEC3DF05A6A16
:10470000000E0101B76F000EB66F566AEAEC47F073
:104710007980936BF28EF28C04005BEC47F0000E14
:104720000001606F000E616F300E626F400E636FAC
:10473000040000019C51D8B4FBD79C6B5B50D8B4EB
:1047400004D063EC2CF0A8EC46F0FDEC44F084ECD3
:1047500000F012EC17F010EC0EF05B50D8A404D06F
:10476000080E5B18D8A406D040EC44F019EC40F0D9
:104770006DEC3AF05B50D8B408D0070E5B18D8B493
:1047800004D05B04D8A4CEEC2DF056C0F7F0F00EA8
:104790000001F717D8B418D09551D8A4C9D7962BD3
:1047A0009605F76F310EF7650DD0010EC06F630EE1
:1047B0009665BED7010E956F8A90966B01014A4BA4
:1047C0004B2BB6D78A80B4D7C06B956B8A90966B0B
:1047D000AFD7480ECC03F3CFD0F0F4CFD1F0CD0358
:1047E000F350D127D0C0D6F0D1C0D7F0CE510608B3
:1047F000D36FCF517A08D26FD2390F0BD46FD25109
:104800000F0BD56FB00ED325CA6FCB6B000ECB2329
:10481000C5EC47F0100E0001D425CA6FCB6B000E1B
:10482000CB23C5EC47F0D5C0CAF00001CB6BC5EC7B
:1048300047F0D6C0D8F0D7C0D9F00ED05F0ED8253B
:10484000F66EE40ED921F76E0800F550CA6FCB6BF7
:10485000BCEC47F0D84BD92B120E0001D625D06FF7
:10486000000ED721D16FD051D85DD151D959D8A0E0
:10487000E5D7B10ED325CA6FCB6B000ECB23C5ECA9
:1048800047F0100E0001D425CA6FCB6B000ECB236E
:10489000C5EC47F0D5C0CAF00001CB6BC5EC47F0C2
:1048A000120E0001D625D86F000ED721D96F0ED079
:1048B0005F0ED825F66EE40ED921F76E0800F5508C
:1048C000CA6FCB6BBCEC47F0D84BD92B240ED62546
:1048D000D06F000ED721D16FD051D85DD151D959A9
:1048E000D8A0E6D7B20ED325CA6FCB6B000ECB2370
:1048F000C5EC47F0100E0001D425CA6FCB6B000E3B
:10490000CB23C5EC47F0D5C0CAF00001CB6BC5EC9A
:1049100047F0240E0001D625D86F000ED721D96F9D
:104920000ED05F0ED825F66EE40ED921F76E080082
:10493000F550CA6FCB6BBCEC47F0D84BD92B360E79
:10494000D625D06F000ED721D16FD051D85DD1516F
:10495000D959D8A0E6D7B30ED325CA6FCB6B000EBA
:10496000CB23C5EC47F0100E0001D425CA6FCB6BEA
:10497000000ECB23C5EC47F0D5C0CAF00001CB6BCD
:10498000C5EC47F0360E0001D625D86F000ED721B2
:10499000D96F0ED05F0ED825F66EE40ED921F76ED2
:1049A0000800F550CA6FCB6BBCEC47F0D84BD92B45
:1049B000480ED625D06F000ED721D16FD051D85DCB
:1049C000D151D959D8B01200E5D701017051000179
:1049D000E06F010171510001E16F0101704B712B1A
:1049E0000001E1510EE1320EE05DD8B00AD0060EB2
:1049F000CC6F000ECD6F7D0ECE6F000EACEC41F093
:104A00001200010170510001E06F010171510001BC
:104A1000E16F0101704B712B0001E15103E1C80E00
:104A2000E05DD8B0B4D05B50D8B41200070E5B186C
:104A3000D8B412009ED0C851D8B40BD0490EDB6F49
:104A4000FF0EDC6F030EDD6F0D0EDE6F64EC3FF0CA
:104A50001200F50EDB6FFE0EDC6F010EDD6F2E0E09
:104A6000DE6F64EC3FF0AE0EDB6FFE0EDC6F030E0C
:104A7000DD6F2E0EDE6F64EC3FF01200C851D8B42B
:104A80000BD07E0EDB6FFF0EDC6F030EDD6F180E9A
:104A9000DE6F64EC3FF012000B0EDB6FFF0EDC6F7D
:104AA000010EDD6F2E0EDE6F64EC3FF0ED0EDB6F5E
:104AB000FE0EDC6F030EDD6F2E0EDE6F64EC3FF03A
:104AC0001200C851D8B40BD0390ED96FFF0EDA6F6F
:104AD000030EDB6F180EDC6FCFEC44F01200040EF7
:104AE000DB6FFF0EDC6F010EDD6F2E0EDE6F64ECF0
:104AF0003FF0FD0EDB6FFE0EDC6F030EDD6F2E0E42
:104B0000DE6F64EC3FF01200C851D8B40BD0CB0E6E
:104B1000DB6FFF0EDC6F030EDD6F180EDE6F64ECD3
:104B20003FF01200820EDB6FFE0EDC6F030EDD6FB6
:104B3000280EDE6F64EC3FF01200C405D8A412000A
:104B4000C851D8B40BD0710EDB6FFF0EDC6F030EB3
:104B5000DD6F140EDE6F64EC3FF01200690EDB6F48
:104B6000FE0EDC6F030EDD6F140EDE6F64EC3FF0A3
:104B70001200B051030AD8B481D7050AD8B45BD764
:104B8000010AD8B49ED70F0AD8B4BED7D6D7000E24
:104B90000101716F000E706F0001916B1200D56FF3
:104BA0000001D5510C0DF3CFDAF0CC510608D66FC9
:104BB000CD517A08D96FD9390F0BD76FD9510F0B57
:104BC000D86FB00ED625CA6FCB6B000ECB23C5ECC9
:104BD00047F0100E0001D725CA6FCB6B000ECB2318
:104BE000C5EC47F0D8C0CAF00001CB6BC5EC47F06C
:104BF000DAC0DBF03CD08D0EDB25F66EF76AEA0EEC
:104C0000F7220800F550DC6FDD6BDB51CE6FCF6B08
:104C1000060ECE27000ECF238D0ECE25F66EEA0EA1
:104C2000CF21F76E0800F550D16FD06BDC51D01159
:104C3000DC6FDD51D111DD6FDCC0CEF0DDC0CFF017
:104C4000D890CE37CF37D890CE37CF37D890CE3711
:104C5000CF37CEC0DCF0CFC0DDF0DC51DC6FDD6BD8
:104C6000DCC0CAF0DDC0CBF0BCEC47F0DB2B0001B0
:104C7000DA51CE6FCF6B060ECE27000ECF23DB515D
:104C8000D06FD16BCE51D05DD151800AD26FCF5150
:104C9000800AD259D8A0AFD7B10ED625CA6FCB6B38
:104CA000000ECB23C5EC47F0100E0001D725CA6FCC
:104CB000CB6B000ECB23C5EC47F0D8C0CAF0000187
:104CC000CB6BC5EC47F00001DA51060FDB6F3AD031
:104CD0008D0EDB25F66EF76AEA0EF7220800F55016
:104CE000DC6FDD6BFA0EDB25CE6FCF6BFF0ECF23B3
:104CF0008D0ECE25F66EEA0ECF21F76E0800F5CFA9
:104D0000D0F0DC51D16FD051DC6FD1C0DDF0DCC010
:104D1000CEF0DDC0CFF0D890CE37CF37D890CE3799
:104D2000CF37D890CE37CF37CEC0DCF0CFC0DDF054
:104D3000DDC0D3F0D46BD3C0CAF0D4C0CBF0BCEC90
:104D400047F0DB2BDA51CE6FCF6B0C0ECE27000E67
:104D5000CF23DB51D06FD16BCE51D05DD151800AC2
:104D6000D26FCF51800AD259D8B01200B1D7D36FC9
:104D7000D3C0D8F00001CC510608D46FCD517A08C9
:104D8000D76FD7390F0BD56FD7510F0BD66FB00E2A
:104D9000D425CA6FCB6B000ECB23C5EC47F0100EA9
:104DA0000001D525CA6FCB6B000ECB23C5EC47F0B5
:104DB000D6C0CAF00001CB6BC5EC47F0D8C0D9F023
:104DC0003CD0F10ED925F66EF76AE80EF7220800FE
:104DD000F550DA6FDB6BD951CE6FCF6B060ECE2755
:104DE000000ECF23F10ECE25F66EE80ECF21F76E22
:104DF0000800F550D16FD06BDA51D011DA6FDB516A
:104E0000D111DB6FDAC0CEF0DBC0CFF0D890CF335A
:104E1000CE33D890CF33CE33D890CF33CE33CEC02D
:104E2000DAF0CFC0DBF0DA51DA6FDB6BDAC0CAF050
:104E3000DBC0CBF0BCEC47F0D92B0001D851CE6FD2
:104E4000CF6B060ECE27000ECF23D951D06FD16B7A
:104E5000CE51D05DD151800AD26FCF51800AD25944
:104E6000D8A0AFD7B10ED425CA6FCB6B000ECB2321
:104E7000C5EC47F0100E0001D525CA6FCB6B000EB4
:104E8000CB23C5EC47F0D6C0CAF00001CB6BC5EC14
:104E900047F00001D851060FD96F3AD0F10ED9254D
:104EA000F66EF76AE80EF7220800F550DA6FDB6B52
:104EB000FA0ED925CE6FCF6BFF0ECF23F10ECE2584
:104EC000F66EE80ECF21F76E0800F5CFD0F0DA517C
:104ED000D16FD051DA6FD1C0DBF0DAC0CEF0DBC0D9
:104EE000CFF0D890CF33CE33D890CF33CE33D890C5
:104EF000CF33CE33CEC0DAF0CFC0DBF0DBC0DAF098
:104F0000DB6BDAC0CAF0DBC0CBF0BCEC47F0D92BCE
:104F1000D851CE6FCF6B0C0ECE27000ECF23D951B8
:104F2000D06FD16BCE51D05DD151800AD26FCF51AD
:104F3000800AD259D8B01200B1D7B1EC2FF04CC0D2
:104F4000B6F14DC0B7F14E500001845D4F50855908
:104F5000D8B02AD084514E5C386E85514F58396E86
:104F600038C001F039C002F0036A046A000E11EC87
:104F70002FF001C00FF002C010F003C011F004C008
:104F800012F060C013F061C014F062C015F063C08D
:104F900016F067EC20F00FC060F110C061F111C095
:104FA00062F112C063F109D0000E0101606F000EC2
:104FB000616F000E626F000E636F60C101F061C12E
:104FC00002F062C103F063C104F0ABEC3EF001C03B
:104FD0004AF002C04BF0410E4A5C010E4B58D8A07B
:104FE00004D0010E4B6E400E4A6E9A0E236E990E3F
:104FF000246E190E256E3F0E266E000E136E000EE7
:10500000146E480E156EC20E166E4CC001F04DC0E7
:1050100002F0036A046A000E11EC2FF001C00FF0D9
:1050200002C010F003C011F004C012F0A0EC1DF09B
:105030000FC01FF010C020F011C021F012C022F0EC
:105040000CEC1CF01FC03AF020C03BF021C03CF03B
:1050500022C03DF03AC00FF03BC010F03CC011F050
:105060003DC012F0000E136E000E146E200E156E71
:10507000410E166EA0EC1DF00FC060F110C061F182
:1050800011C062F112C063F14D5006E1150E4C5C87
:10509000D8B002D0040E15D04D5004E1460E4C5C41
:1050A000D8A0F8D74D5004E1640E4C5CD8A0F2D7DC
:1050B000230E4C5C010E4D58D8B002D0050E01D025
:1050C000060E0001BA6F4CC001F04DC002F0000E98
:1050D000046E0A0E036ED4EC45F001C03EF002C02F
:1050E0003FF0970E3E24F66EF00E3F20F76E08005C
:1050F000F5CFB9F05AEC11F01200D16F0001D15187
:10510000CE6FCF6BCE3BCF3BF00ECF17CE510F0BF8
:10511000CF13F00ECE17000ECE25DA6F010ECF2181
:10512000DB6FCC510608D26F000ED8A0E82A000829
:10513000D36FCD517A08D86F000ED8A0E82A0008A6
:10514000D96FD8C0CEF0D9C0CFF0040ED06FD890B0
:10515000CF33CE33D02FFBD7CEC0D4F0CFC0D5F0D5
:105160000F0ED815D66FD76BB00ED225CA6F000EB2
:10517000D321CB6FC5EC47F0100E0001D425CA6FC8
:10518000000ED521CB6FC5EC47F0D6C0CAF0D7C012
:10519000CBF0C5EC47F00F0E0001DA25DC6F000EF6
:1051A000DB21DD6F23D0C951D8B411D01C0EDC2512
:1051B000F66EF10EDD21F76E0800F550CE6FCF6B65
:1051C000CE1DCA6FCF1DCB6FBCEC47F00CD01C0EB0
:1051D000DC25F66EF10EDD21F76E0800F550CA6F82
:1051E000CB6BBCEC47F0DC07D8A0DD07070EDA2557
:1051F000CE6F000EDB21CF6FDC51CE5DDD51CF597C
:10520000D8A0D1D7B10ED225CA6F000ED321CB6F53
:10521000C5EC47F0100E0001D425CA6F000ED52151
:10522000CB6FC5EC47F0D6C0CAF0D7C0CBF0C5EC09
:1052300047F0070E0001DA25DC6F000EDB21DD6F81
:1052400023D0C951D8B411D01C0EDC25F66EF10E56
:10525000DD21F76E0800F550CE6FCF6BCE1DCA6F03
:10526000CF1DCB6FBCEC47F00CD01C0EDC25F66ECE
:10527000F10EDD21F76E0800F550CA6FCB6BBCEC68
:1052800047F0DC07D8A0DD07FF0EDA25CE6FFF0E52
:10529000DB21CF6FDC51CE5DDD51CF59D8B012008C
:1052A000D0D7D46FE00E0001D425D56FD66BFF0E9A
:1052B000D623D5C0CEF0D6C0CFF0CE3BCF3BF00E3C
:1052C000CF17CE510F0BCF13F00ECE17CEC0D5F0A7
:1052D000CFC0D6F0CC510608D06FCD518708D36F20
:1052E000D3390F0BD16FD3510F0BD26FB00ED02526
:1052F000CA6FCB6B000ECB23C5EC47F0100E00013C
:10530000D125CA6FCB6B000ECB23C5EC47F0D2C0C2
:10531000CAF00001CB6BC5EC47F0200E0001D41998
:10532000D8A413D0000ED86F000ED76F000ECB6F2D
:10533000000ECA6FBCEC47F0D74BD82BD85127E1F1
:10534000030ED75DD8B023D0F1D70F0ED525D76F78
:10535000000ED621D86F0FD01C0ED725F66EF10E99
:10536000D821F76E0800F550CA6FCB6BBCEC47F044
:10537000D707D8A0D807070ED525CE6F000ED621A7
:10538000CF6FD751CE5DD851CF59D8A0E5D7B10E48
:10539000D025CA6FCB6B000ECB23C5EC47F0100EA7
:1053A0000001D125CA6FCB6B000ECB23C5EC47F0B3
:1053B000D2C0CAF00001CB6BC5EC47F0200E000153
:1053C000D419D8A413D0000ED86F000ED76F000EDA
:1053D000CB6F000ECA6FBCEC47F0D74BD82BD8511F
:1053E00028E1030ED75DD8B01200F1D7070ED525FE
:1053F000D76F000ED621D86F0FD01C0ED725F66EB2
:10540000F10ED821F76E0800F550CA6FCB6BBCECDB
:1054100047F0D707D8A0D807FF0ED525CE6FFF0ECF
:10542000D621CF6FD751CE5DD851CF59D8B0120009
:10543000E4D71200DD6F86C0CFF087C0D0F0000E39
:105440000001D26F640ED16FABEC45F0CF51DE6F2F
:10545000000ECD6F640ECC6F86C0CAF087C0CBF053
:1054600047EC46F0CAC0CFF0CBC0D0F0000ED26FF0
:105470000A0ED16FABEC45F0CF51DF6F000ECD6F50
:10548000640ECC6F86C0CAF087C0CBF047EC46F004
:10549000CAC0DBF0CBC0DCF0DBC0CAF0DCC0CBF0B4
:1054A000000ECD6F0A0ECC6F47EC46F0CA51E06F8C
:1054B000DDC0E1F0DAC0E2F0DE51D8B41FD0C76B36
:1054C000DEC0CCF0CD6BE1C0CEF0E2C0CFF0E2ECBC
:1054D0002AF0DFC0CCF0CD6BE1C0CEF0E2510F0F6F
:1054E000CF6FE2EC2AF0E0C0CCF0CD6BE1C0CEF0A3
:1054F000E2511E0FCF6FE2EC2AF01200DF51D8B458
:1055000035D0C705D8B41DD0010EC76F040ECC6FBF
:10551000000ECD6F800ECE6F020EACEC41F0060E89
:10552000CC6F000ECD6F800ECE6F040EACEC41F050
:10553000080ECC6F000ECD6F800ECE6F060EACEC59
:1055400041F0DFC0CCF0CD6BE1C0CEF0E251080FEE
:10555000CF6FE2EC2AF0E0C0CCF0CD6BE1C0CEF032
:10556000E251170FCF6FE2EC2AF01200020EC719BA
:10557000D8B41DD0020EC76F040ECC6F000ECD6FD5
:10558000800ECE6F020EACEC41F0060ECC6F000E1A
:10559000CD6F800ECE6F040EACEC41F0080ECC6FD8
:1055A000000ECD6F800ECE6F060EACEC41F0E0C069
:1055B000CCF0CD6BE1C0CEF0E251120FCF6FE2EC38
:1055C0002AF012002D0ECC03F3CFD0F0F4CFD1F09F
:1055D000CD03F350D127D0C0D6F0D1C0D7F0CE51F3
:1055E0000608D36FCF517A08D26FD2390F0BD46F20
:1055F000D2510F0BD56FB00ED325CA6FCB6B000EF7
:10560000CB23C5EC47F0100E0001D425CA6FCB6B3D
:10561000000ECB23C5EC47F0D5C0CAF00001CB6B20
:10562000C5EC47F0D6C0D8F0D7C0D9F00ED02F0EB9
:10563000D825F66EE70ED921F76E0800F550CA6F2F
:10564000CB6BBCEC47F0D84BD92B0F0E0001D62505
:10565000D06F000ED721D16FD051D85DD151D9591B
:10566000D8A0E5D7B10ED325CA6FCB6B000ECB23E4
:10567000C5EC47F0100E0001D425CA6FCB6B000EAD
:10568000CB23C5EC47F0D5C0CAF00001CB6BC5EC0D
:1056900047F00F0E0001D625D86F000ED721D96F25
:1056A0000ED02F0ED825F66EE70ED921F76E080022
:1056B000F550CA6FCB6BBCEC47F0D84BD92B1E0E04
:1056C000D625D06F000ED721D16FD051D85DD151E2
:1056D000D959D8A0E6D7B20ED325CA6FCB6B000E2E
:1056E000CB23C5EC47F0100E0001D425CA6FCB6B5D
:1056F000000ECB23C5EC47F0D5C0CAF00001CB6B40
:10570000C5EC47F01E0E0001D625D86F000ED7213C
:10571000D96F0ED02F0ED825F66EE70ED921F76E71
:105720000800F550CA6FCB6BBCEC47F0D84BD92BB7
:105730002D0ED625D06F000ED721D16FD051D85D58
:10574000D151D959D8B01200E5D7DD6F86C0CFF05E
:1057500087C0D0F0000E0001D26F640ED16FABECA9
:1057600045F0CF51DE6F000ECD6F640ECC6F86C05A
:10577000CAF087C0CBF047EC46F0CAC0CFF0CBC030
:10578000D0F0000ED26F0A0ED16FABEC45F0CF51C6
:10579000DF6F000ECD6F640ECC6F86C0CAF087C07D
:1057A000CBF047EC46F0CAC0DBF0CBC0DCF0DBC08E
:1057B000CAF0DCC0CBF0000ECD6F0A0ECC6F47EC08
:1057C00046F0CA51E06FDDC0E1F0DAC0E2F0DE5130
:1057D000D8B41FD0C76BDEC0CCF0CD6BE1C0CEF02B
:1057E000E2C0CFF0E9EC23F0DFC0CCF0CD6BE1C03C
:1057F000CEF0E251120FCF6FE9EC23F0E0C0CCF015
:10580000CD6BE1C0CEF0E251240FCF6FE9EC23F075
:105810001200DF51D8B435D0C705D8B41DD0010E61
:10582000C76F040ECC6F000ECD6F800ECE6F020ED0
:10583000ACEC41F0060ECC6F000ECD6F800ECE6F3B
:10584000040EACEC41F0080ECC6F000ECD6F800E54
:10585000CE6F060EACEC41F0DFC0CCF0CD6BE1C0FA
:10586000CEF0E251090FCF6FE9EC23F0E0C0CCF0AD
:10587000CD6BE1C0CEF0E2511B0FCF6FE9EC23F00E
:105880001200020EC719D8B4F1D7020EC76F040E6A
:10589000CC6F000ECD6F800ECE6F020EACEC41F0DF
:1058A000060ECC6F000ECD6F800ECE6F040EACECEA
:1058B00041F0080ECC6F000ECD6F800ECE6F060E3D
:1058C000ACEC41F0D3D781503C0B556EA751551825
:1058D000D8A488D07A51D66F7B51D76F7A4B7B2B67
:1058E000D75104E1050ED65DD8A081D03C0E5518E5
:1058F000D8A447D0A46BA96BB051D8A41CD0AF5189
:10590000D8A419D00A0EBE19D8B415D001019851E7
:105910000001D66F010199510001D76F0101984B29
:10592000992BDD0E0001D65D050ED759D8A003D006
:105930008B50BF0B8B6E010196510001D66F010198
:1059400097510001D76F0101964B972BDD0E000197
:10595000D65D050ED759D8A002D0010EA06FA55173
:10596000D8A40BD05450D8B404D054C0A6F0AE6B19
:1059700006D054C0A6F0AD6B3AD0A56BA66B546AA6
:1059800036D0000E0101976F000E966F000E996FD2
:10599000000E986FE4EC47F055C054F0240EA619A1
:1059A000D8A412D07B5104E1050E7A5DD8A01FD097
:1059B000000E7B6F050E7A6F5450800FA66F0ED0CD
:1059C000010EA56FAE6B13D07B5104E1640E7A5DBE
:1059D000D8A00DD0000E7B6F640EEDD7A505D8B40E
:1059E0001200EED7000E7B6F000E7A6FA66BA651E9
:1059F000D8B41DD0AC6B080E5B18D8A413D0060E1B
:105A0000CC6F000ECD6F7D0ECE6F000EACEC41F072
:105A1000AB6BAC6BAA6BA1C05BF0A16BA66BC46B4C
:105A2000E4EC47F0000E01019D6F000E9C6F55C025
:105A3000A7F01200D36F0001D351100DF3CFD8F0AF
:105A4000CC510608D46FCD517A08D76FD7390F0BD8
:105A5000D56FD7510F0BD66FB00ED425CA6FCB6B55
:105A6000000ECB23C5EC47F0100E0001D525CA6F00
:105A7000CB6B000ECB23C5EC47F0D6C0CAF00001BB
:105A8000CB6BC5EC47F0D8C0D9F021D0C951D8B400
:105A900011D0ED0ED925F66EF76AE90EF72208004F
:105AA000F550CE6FCF6BCE1DCA6FCF1DCB6FBCEC48
:105AB00047F00CD0ED0ED925F66EF76AE90EF72205
:105AC0000800F550CA6FCB6BBCEC47F0D92B000136
:105AD000D851CE6FCF6B080ECE27000ECF23D951F1
:105AE000D06FD16BCE51D05DD151800AD26FCF51E2
:105AF000800AD259D8A0CAD7B10ED425CA6FCB6BB1
:105B0000000ECB23C5EC47F0100E0001D525CA6F5F
:105B1000CB6B000ECB23C5EC47F0D6C0CAF000011A
:105B2000CB6BC5EC47F00001D851080FD96F21D0DD
:105B3000C951D8B411D0ED0ED925F66EF76AE90E29
:105B4000F7220800F550CE6FCF6BCE1DCA6FCF1D68
:105B5000CB6FBCEC47F00CD0ED0ED925F66EF76A92
:105B6000E90EF7220800F550CA6FCB6BBCEC47F08A
:105B7000D92BD851CE6FCF6B100ECE27000ECF236E
:105B8000D951D06FD16BCE51D05DD151800AD26F37
:105B9000CF51800AD259D8B01200CAD70001922B37
:105BA000BE510F0BDA6FBE51C00BDB6F800EDB19DD
:105BB000D8A43FD0C451D8A403D08B988B8A0AD0E4
:105BC000C405D8A403D06BEC47F004D00A0EC41966
:105BD000D8B4F9D7190E926106D0660ECC6F060EB6
:105BE00061EC38F01200320E926106D0660ECC6F76
:105BF000060EDAEC37F012004B0E926106D0660EFC
:105C0000CC6F060E53EC37F01200640E926106D092
:105C1000660ECC6F060ECCEC36F012007D0E926153
:105C200006D0660ECC6F060E45EC36F01200926B75
:105C30001200C451D8A403D08B988B9A3DD0C405D0
:105C4000D8A403D06BEC47F037D00A0EC419D8B4EF
:105C5000F9D732D0912B9105D96F320ED96106D088
:105C6000660ECC6F060EDAEC3BF01200912B91051C
:105C7000D96FC80ED96106D0660ECC6F060E61ECE6
:105C800038F01200916B1200660ECC6F060EDAEC43
:105C900037F01200660ECC6F060E53EC37F0120090
:105CA000660ECC6F060ECCEC36F01200660ECC6F92
:105CB000060E45EC36F01200DA51010AD8B4E4D7EA
:105CC000030AD8B4E7D7010AD8B4EAD7070AD8B488
:105CD000EDD7010AD8B412000F0AD8A41200BAD71F
:105CE000D26F0001D251D8A4CDAF1AD0CAC0CEF025
:105CF000CBC0CFF0CCC0D0F0CDC0D1F0CE1FCF1FE5
:105D0000D01FD11FCE2B000ECF23D023D123CEC046
:105D1000D4F0CFC0D5F0D0C0D6F0D1C0D7F008D0E5
:105D2000CAC0D4F0CBC0D5F0CCC0D6F0CDC0D7F02F
:105D3000CA51CB11CC11CD11D8A409D0000ECA6F15
:105D4000000ECB6F000ECC6F000ECD6F1200960EC2
:105D5000D36F06D0D32BD890D733D633D533D433A3
:105D6000000ED415CE6F000ED515CF6F000ED615D0
:105D7000D06FFE0ED715D16FCE51CF11D011D111EA
:105D8000D8B40DD0E7D7D32B010ED427000ED523DE
:105D9000D623D723D890D733D633D533D433000E78
:105DA000D415CE6F000ED515CF6F000ED615D06F5F
:105DB000FF0ED715D16FCE51CF11D011D111D8B45C
:105DC00007D0E1D7D307D890D437D537D637D737D0
:105DD000D6BF03D0020ED361F5D7D3A1D69FD890FA
:105DE000D333D3C0CEF0CF6BD06BD16BCEC0D1F05C
:105DF000D06BCF6BCE6BCE51D413CF51D513D051C6
:105E0000D613D151D713D251D8A4CDAF01D0D78F4B
:105E1000D4C0CAF0D5C0CBF0D6C0CCF0D7C0CDF03E
:105E20001200096E0950D8A404AE1AD001C005F0C2
:105E300002C006F003C007F004C008F0051E061EED
:105E4000071E081E052A000E06220722082205C08A
:105E50000BF006C00CF007C00DF008C00EF008D023
:105E600001C00BF002C00CF003C00DF004C00EF036
:105E70000150021003100410D8A409D0000E016EC6
:105E8000000E026E000E036E000E046E1200960EDF
:105E90000A6E06D00A2AD8900E320D320C320B321E
:105EA000000E0B14056E000E0C14066E000E0D1481
:105EB000076EFE0E0E14086E05500610071008102F
:105EC000D8B40DD0E7D70A2A010E0B26000E0C22FB
:105ED0000D220E22D8900E320D320C320B32000EF3
:105EE0000B14056E000E0C14066E000E0D14076EDA
:105EF000FF0E0E14086E0550061007100810D8B4D7
:105F000007D0E1D70A06D8900B360C360D360E3680
:105F10000DBE03D0020E0A60F5D70AA00D9ED890E0
:105F20000A320AC005F0066A076A086A05C008F066
:105F3000076A066A056A05500B1206500C120750D4
:105F40000D1208500E120950D8A404AE01D00E8EC6
:105F50000BC001F00CC002F00DC003F00EC004F045
:105F60001200020E5B18D8A405D0080E0101BD6F07
:105F7000980E08D0030E5B18D8A4F7D7110E0101B4
:105F8000BD6F300EBC6F4C504D10D8B44ED00001D8
:105F9000C051D8A41DD0BC6BBF51D8A446D00101BC
:105FA000BA51016EBB51026EBA4BBB2B025004E1D9
:105FB000C80E015CD8A039D0000EBB6F000EBA6FBE
:105FC0005A50FE0B5A6E000E0001836F000E1CD05B
:105FD000000E0101BB6F000EBA6F0001BC2BBC05A7
:105FE000016E090E016421D0BC6B8251016E835198
:105FF000026E824B832B310E015C2A0E0258D8A010
:1060000005D0320E836FC80E826F0FD0825101010E
:10601000BC5D000183510101BD59D8B003D05A5075
:10602000010902D05A50FE0B5A6E0101C051C11134
:10603000D8B425D0BE4BBF2B410EBE5D1F0EBF593D
:10604000D8B022D0C15104E1050EC05DD8A0120025
:10605000030E5B18D8A40CD05950D8A403D05A50C2
:1060600008095A6E5904D8A406D05850D8A403D0B1
:106070005A5008095A6E000EC16F000EC06F000E14
:10608000BF6F000EBE6F1200000EC16F000EC06F1A
:10609000000EBF6F000EBE6F1200DF6FDBC0CFF0CF
:1060A000DCC0D0F0000E0001D26F640ED16FABECFB
:1060B00045F0CF51E06F000ECD6F640ECC6FDBC0AA
:1060C000CAF0DCC0CBF047EC46F0CAC0CFF0CBC082
:1060D000D0F0000ED26F0A0ED16FABEC45F0CF516D
:1060E000E16F000ECD6F640ECC6FDBC0CAF0DCC078
:1060F000CBF047EC46F0CAC0DDF0CBC0DEF0DDC02F
:10610000CAF0DEC0CBF0000ECD6F0A0ECC6F47ECAC
:1061100046F0CA51E26FDFC0E3F0DAC0E4F0E051CC
:10612000D8B418D0E3C0CCF0E4C0CDF0E0511AEC04
:106130002DF0E3C0CCF0E451080FCD6FE1511AEC23
:106140002DF0E3C0CCF0E451100FCD6FE2511AEC0A
:106150002DF01200E151D8B418D0E3C0CCF0E4C067
:10616000CDF0000EECEC39F0E3C0CCF0E451080FB8
:10617000CD6FE1511AEC2DF0E3C0CCF0E451100FDB
:10618000CD6FE2511AEC2DF01200E3C0CCF0E4C068
:10619000CDF0000EECEC39F0E3C0CCF0E451080F88
:1061A000CD6F000EECEC39F0E3C0CCF0E451100FF1
:1061B000CD6FE2511AEC2DF01200E36FDFC0CFF08B
:1061C000E0C0D0F0000E0001D26F640ED16FABECD6
:1061D00045F0CF51E46F000ECD6F640ECC6FDFC081
:1061E000CAF0E0C0CBF047EC46F0CAC0CFF0CBC05D
:1061F000D0F0000ED26F0A0ED16FABEC45F0CF514C
:10620000E56F000ECD6F640ECC6FDFC0CAF0E0C04A
:10621000CBF047EC46F0CAC0E1F0CBC0E2F0E1C001
:10622000CAF0E2C0CBF0000ECD6F0A0ECC6F47EC87
:1062300046F0CA51E66FE3C0E7F0DEC0E8F0E45193
:10624000D8B418D0E7C0CCF0E8C0CDF0E451CFEC22
:1062500025F0E7C0CCF0E851060FCD6FE551CFEC4B
:1062600025F0E7C0CCF0E8510C0FCD6FE651CFEC34
:1062700025F01200E551D8B418D0E7C0CCF0E8C042
:10628000CDF0000E6BEC39F0E7C0CCF0E851060F12
:10629000CD6FE551CFEC25F0E7C0CCF0E8510C0F05
:1062A000CD6FE651CFEC25F01200E7C0CCF0E8C08E
:1062B000CDF0000E6BEC39F0E7C0CCF0E851060FE2
:1062C000CD6F000E6BEC39F0E7C0CCF0E8510C0F4D
:1062D000CD6FE651CFEC25F01200E36FDFC0CFF0B9
:1062E000E0C0D0F0000E0001D26F640ED16FABECB5
:1062F00045F0CF51E46F000ECD6F640ECC6FDFC060
:10630000CAF0E0C0CBF047EC46F0CAC0CFF0CBC03B
:10631000D0F0000ED26F0A0ED16FABEC45F0CF512A
:10632000E56F000ECD6F640ECC6FDFC0CAF0E0C029
:10633000CBF047EC46F0CAC0E1F0CBC0E2F0E1C0E0
:10634000CAF0E2C0CBF0000ECD6F0A0ECC6F47EC66
:1063500046F0CA51E66FE3C0E7F0DEC0E8F0E45172
:10636000D8B418D0E7C0CCF0E8C0CDF0E4517DEC53
:1063700028F0E7C0CCF0E851080FCD6FE5517DEC77
:1063800028F0E7C0CCF0E851100FCD6FE6517DEC5E
:1063900028F01200E551D8B418D0E7C0CCF0E8C01E
:1063A000CDF0000EECEC39F0E7C0CCF0E851080F6E
:1063B000CD6FE5517DEC28F0E7C0CCF0E851100F2F
:1063C000CD6FE6517DEC28F01200E7C0CCF0E8C0BC
:1063D000CDF0000EECEC39F0E7C0CCF0E851080F3E
:1063E000CD6F000EECEC39F0E7C0CCF0E851100FA7
:1063F000CD6FE6517DEC28F01200DA6F1C0E000123
:10640000A619D8A444D0AD51D8A441D0010EAD6F87
:10641000991F000E0101816F000E806F00019951DC
:10642000D8B403D0010E986F01D0986B9951D8A4BD
:1064300005D0190ECC6F060E51EC3CF09951D8B432
:1064400024D09851D8B423D0010180510001D86FD5
:10645000010181510001D96F0101804B812B990EFF
:106460000001D85D3A0ED959D8A01200996B000EE0
:106470000101816F000E806F190E0001CC6F060EB6
:1064800051EC3CF04DEC3EF012004DEC3EF09C0E19
:106490000001A619D8A41BD0AD51D8A418D0010E64
:1064A000AD6F991F000E0101816F000E806F00011A
:1064B0009951D8B403D0010E986F01D0986B9951BF
:1064C000D8A405D0190ECC6F060E51EC3CF09951B2
:1064D000D8B4D8D79851D8B4120001018051000126
:1064E000D86F010181510001D96F0101804B812BCF
:1064F000990E0001D85D3A0ED959D8A01200996BB7
:10650000000E0101816F000E806F190E0001CC6F2B
:10651000060E51EC3CF0B6D7899C000ECB6FC80E2E
:10652000CA6F68EC46F0898C000ECB6FC80ECA6F3C
:1065300068EC46F0000ECB6FE20ECA6FC5EC47F078
:10654000000E0001CB6F320ECA6F68EC46F0000EF1
:10655000CB6FA20ECA6FC5EC47F0000E0001CB6FE7
:10656000A10ECA6FC5EC47F0000E0001CB6FC00E44
:10657000CA6FC5EC47F0000E0001CB6F2C0ECA6F3E
:10658000C5EC47F0000E0001CB6F050ECA6F68EC3A
:1065900046F0000ECB6F2E0ECA6FC5EC47F0000E12
:1065A0000001CB6F050ECA6F68EC46F0000ECB6F92
:1065B0002F0ECA6FC5EC47F0000E0001CB6F320EF4
:1065C000CA6F68EC46F0000ECB6F250ECA6FC5ECA3
:1065D00047F0000E0001CB6F810ECA6FC5EC47F08B
:1065E000000E0001CB6F0C0ECA6FC5EC47F0000E19
:1065F0000001CB6F0A0ECA6F68EC46F0000ECB6F3D
:10660000AC0ECA6FC5EC47F0000E0001CB6F000E58
:10661000CA6FC5EC47F0000E0001CB6F400ECA6F89
:10662000C5EC47F0000E0001CB6FAF0ECA6FC5EC92
:1066300047F01200D26F0001D76BD2510608D36F1A
:10664000CC517A08D66FD6390F0BD46FD6510F0BB9
:10665000D56FB00ED325CA6FCB6B000ECB23C5EC24
:1066600047F0100E0001D425CA6FCB6B000ECB2370
:10667000C5EC47F0D5C0CAF00001CB6BC5EC47F0C4
:106680000001D86B0DD0370ED825F66EF76AF00EE4
:10669000F7220800F550CA6FCB6BBCEC47F0D82B43
:1066A000D751CD6FCE6B100ECD27000ECE23D85113
:1066B000CF6FD06BCD51CF5DD051800AD16FCE510D
:1066C000800AD159D8A0DFD7B10ED325CA6FCB6BC2
:1066D000000ECB23C5EC47F0100E0001D425CA6F85
:1066E000CB6B000ECB23C5EC47F0D5C0CAF0000140
:1066F000CB6BC5EC47F00001D751100FD86F0DD010
:10670000370ED825F66EF76AF00EF7220800F5501E
:10671000CA6FCB6BBCEC47F0D82BD751CD6FCE6B8B
:10672000200ECD27000ECE23D851CF6FD06BCD5188
:10673000CF5DD051800AD16FCE51800AD159D8B0E7
:106740001200DED7000ED16F070ED06F8D94B00E01
:10675000D025CA6F000ED121CB6FC5EC47F0000EDB
:106760000001CB6F100ECA6FC5EC47F0000E0001A0
:10677000CB6F000ECA6FC5EC47F0000E0001D36F5F
:10678000000ED26F070ECC6F000ECD6FD051CC5FD4
:10679000D151CD5B070ED890CC37CD37E82EFBD743
:1067A000CCC0CEF0CDC0CFF05F0ECC6FD80ECD6F89
:1067B000D251CC5FD351CD5BCE51CC27CF51CD231D
:1067C0007F0ECC27000ECD23CCC0F6FFCDC0F7FF47
:1067D0000800F550CA6FCB6BBCEC47F0CE4BCF2B0B
:1067E000D24BD32BD35104E1800ED25DD8A0CAD7AF
:1067F000D007D8A0D107D051D111D8A4A7D78D9454
:10680000000ECB6FB00ECA6FC5EC47F0000E000152
:10681000CB6F100ECA6FC5EC47F0000E0001CB6FB6
:10682000000ECA6FC5EC47F0000E0001D36F000EDA
:10683000D26F000ECB6F000ECA6FBCEC47F0D24B8C
:10684000D32BD35105E1800ED25DD8B01200F1D721
:106850001200CF6F000E0001D66F000ED56FCF5122
:106860000608D06FCC517408D36FD3390F0BD16F9A
:10687000D3510F0BD26FB00ED025CA6FCB6B000E69
:10688000CB23C5EC47F0100E0001D125CA6FCB6BAE
:10689000000ECB23C5EC47F0D2C0CAF00001CB6B91
:1068A000C5EC47F0000E0001D86F000ED76F10D076
:1068B000DF0ED725F66EEE0ED821F76E0800F5CF65
:1068C000D4F0D4C0CAF0CB6BBCEC47F0D74BD82B7C
:1068D0001E0ED525CD6F000ED621CE6FCD51D75DC2
:1068E000CE51D859D8A0E4D7B10ED025CA6FCB6B02
:1068F000000ECB23C5EC47F0100E0001D125CA6F66
:10690000CB6B000ECB23C5EC47F0D2C0CAF0000120
:10691000CB6BC5EC47F01E0E0001D525D76F000EDE
:10692000D621D86F10D0DF0ED725F66EEE0ED82107
:10693000F76E0800F5CFD4F0D4C0CAF0CB6BBCEC36
:1069400047F0D74BD82B3C0ED525CD6F000ED62166
:10695000CE6FCD51D75DCE51D859D8B01200E3D704
:10696000CF6F000E0001D66F000ED56FCF51060815
:10697000D06FCC517408D36FD3390F0BD16FD35173
:106980000F0BD26FB00ED025CA6FCB6B000ECB238E
:10699000C5EC47F0100E0001D125CA6FCB6B000E7D
:1069A000CB23C5EC47F0D2C0CAF00001CB6BC5ECDD
:1069B00047F0000E0001D86F000ED76F10D0A10E67
:1069C000D725F66EEE0ED821F76E0800F5CFD4F07D
:1069D000D4C0CAF0CB6BBCEC47F0D74BD82B1F0E02
:1069E000D525CD6F000ED621CE6FCD51D75DCE51BE
:1069F000D859D8A0E4D7B10ED025CA6FCB6B000E02
:106A0000CB23C5EC47F0100E0001D125CA6FCB6B2C
:106A1000000ECB23C5EC47F0D2C0CAF00001CB6B0F
:106A2000C5EC47F01F0E0001D525D76F000ED6210B
:106A3000D86F10D0A10ED725F66EEE0ED821F76EC6
:106A40000800F5CFD4F0D4C0CAF0CB6BBCEC47F053
:106A5000D74BD82B3E0ED525CD6F000ED621CE6F4D
:106A6000CD51D75DCE51D859D8B01200E3D7CF6FF2
:106A7000000E0001D66F000ED56FCF510608D06F03
:106A8000CC517408D36FD3390F0BD16FD3510F0B87
:106A9000D26FB00ED025CA6FCB6B000ECB23C5ECE6
:106AA00047F0100E0001D125CA6FCB6B000ECB232F
:106AB000C5EC47F0D2C0CAF00001CB6BC5EC47F083
:106AC000000E0001D86F000ED76F10D0DC0ED72556
:106AD000F66EF00ED821F76E0800F5CFD4F0D4C0D2
:106AE000CAF0CB6BBCEC47F0D74BD82B090ED525A1
:106AF000CD6F000ED621CE6FCD51D75DCE51D85976
:106B0000D8A0E4D7B10ED025CA6FCB6B000ECB2333
:106B1000C5EC47F0100E0001D125CA6FCB6B000EFB
:106B2000CB23C5EC47F0D2C0CAF00001CB6BC5EC5B
:106B300047F0090E0001D525D76F000ED621D86F7A
:106B400010D0DC0ED725F66EF00ED821F76E0800B7
:106B5000F5CFD4F0D4C0CAF0CB6BBCEC47F0D74B28
:106B6000D82B120ED525CD6F000ED621CE6FCD516C
:106B7000D75DCE51D859D8B01200E3D7CF6F000EF1
:106B80000001D66F000ED56FCF510608D06FCC51E3
:106B90007408D36FD3390F0BD16FD3510F0BD26F52
:106BA000B00ED025CA6FCB6B000ECB23C5EC47F0DF
:106BB000100E0001D125CA6FCB6B000ECB23C5ECA4
:106BC00047F0D2C0CAF00001CB6BC5EC47F0000E15
:106BD0000001D86F000ED76F10D0770ED725F66E54
:106BE000F00ED821F76E0800F5CFD4F0D4C0CAF06B
:106BF000CB6BBCEC47F0D74BD82B100ED525CD6F07
:106C0000000ED621CE6FCD51D75DCE51D859D8A028
:106C1000E4D7B10ED025CA6FCB6B000ECB23C5ECE9
:106C200047F0100E0001D125CA6FCB6B000ECB23AD
:106C3000C5EC47F0D2C0CAF00001CB6BC5EC47F001
:106C4000100E0001D525D76F000ED621D86F10D0B9
:106C5000770ED725F66EF00ED821F76E0800F5CF27
:106C6000D4F0D4C0CAF0CB6BBCEC47F0D74BD82BD8
:106C7000200ED525CD6F000ED621CE6FCD51D75D1C
:106C8000CE51D859D8B01200E3D7CF6F000E000113
:106C9000D66F000ED56FCF510608D06FCC51740857
:106CA000D36FD3390F0BD16FD3510F0BD26FB00EFF
:106CB000D025CA6FCB6B000ECB23C5EC47F0100E6E
:106CC0000001D125CA6FCB6B000ECB23C5EC47F07A
:106CD000D2C0CAF00001CB6BC5EC47F0000E00013A
:106CE000D86F000ED76F10D01B0ED725F66EEF0EA3
:106CF000D821F76E0800F5CFD4F0D4C0CAF0CB6B22
:106D0000BCEC47F0D74BD82B180ED525CD6F000E15
:106D1000D621CE6FCD51D75DCE51D859D8A0E4D76A
:106D2000B10ED025CA6FCB6B000ECB23C5EC47F05C
:106D3000100E0001D125CA6FCB6B000ECB23C5EC22
:106D400047F0D2C0CAF00001CB6BC5EC47F0180E7B
:106D50000001D525D76F000ED621D86F10D01B0E9D
:106D6000D725F66EEF0ED821F76E0800F5CFD4F0D8
:106D7000D4C0CAF0CB6BBCEC47F0D74BD82B300E4D
:106D8000D525CD6F000ED621CE6FCD51D75DCE511A
:106D9000D859D8B01200E3D7CF6F000E0001D66FDC
:106DA000000ED56FCF510608D06FCC517408D36F49
:106DB000D3390F0BD16FD3510F0BD26FB00ED0253B
:106DC000CA6FCB6B000ECB23C5EC47F0100E000151
:106DD000D125CA6FCB6B000ECB23C5EC47F0D2C0D8
:106DE000CAF00001CB6BC5EC47F0000E0001D86F74
:106DF000000ED76F10D04B0ED725F66EEF0ED821B0
:106E0000F76E0800F5CFD4F0D4C0CAF0CB6BBCEC61
:106E100047F0D74BD82B180ED525CD6F000ED621B5
:106E2000CE6FCD51D75DCE51D859D8A0E4D7B10E91
:106E3000D025CA6FCB6B000ECB23C5EC47F0100EEC
:106E40000001D125CA6FCB6B000ECB23C5EC47F0F8
:106E5000D2C0CAF00001CB6BC5EC47F0180E0001A0
:106E6000D525D76F000ED621D86F10D04B0ED72561
:106E7000F66EEF0ED821F76E0800F5CFD4F0D4C02F
:106E8000CAF0CB6BBCEC47F0D74BD82B300ED525D6
:106E9000CD6F000ED621CE6FCD51D75DCE51D859D2
:106EA000D8B01200E3D7CF6F000E0001D66F000EEE
:106EB000D56FCF510608D06FCC517408D36FD3393A
:106EC0000F0BD16FD3510F0BD26FB00ED025CA6FFD
:106ED000CB6B000ECB23C5EC47F0100E0001D12583
:106EE000CA6FCB6B000ECB23C5EC47F0D2C0CAF003
:106EF0000001CB6BC5EC47F0000E0001D86F000E0F
:106F0000D76F10D07B0ED725F66EEF0ED821F76E17
:106F10000800F5CFD4F0D4C0CAF0CB6BBCEC47F07E
:106F2000D74BD82B180ED525CD6F000ED621CE6F9E
:106F3000CD51D75DCE51D859D8A0E4D7B10ED025C8
:106F4000CA6FCB6B000ECB23C5EC47F0100E0001CF
:106F5000D125CA6FCB6B000ECB23C5EC47F0D2C056
:106F6000CAF00001CB6BC5EC47F0180E0001D52527
:106F7000D76F000ED621D86F10D07B0ED725F66EB6
:106F8000EF0ED821F76E0800F5CFD4F0D4C0CAF0C8
:106F9000CB6BBCEC47F0D74BD82B300ED525CD6F43
:106FA000000ED621CE6FCD51D75DCE51D859D8B075
:106FB0001200E3D7CF6F000E0001D66F000ED56F21
:106FC000CF510608D06FCC517408D36FD3390F0B53
:106FD000D16FD3510F0BD26FB00ED025CA6FCB6BD0
:106FE000000ECB23C5EC47F0100E0001D125CA6F6F
:106FF000CB6B000ECB23C5EC47F0D2C0CAF000012A
:10700000CB6BC5EC47F0000E0001D86F000ED76FB8
:1070100010D0AB0ED725F66EEF0ED821F76E080014
:10702000F5CFD4F0D4C0CAF0CB6BBCEC47F0D74B53
:10703000D82B180ED525CD6F000ED621CE6FCD5191
:10704000D75DCE51D859D8A0E4D7B10ED025CA6F9C
:10705000CB6B000ECB23C5EC47F0100E0001D12501
:10706000CA6FCB6B000ECB23C5EC47F0D2C0CAF081
:107070000001CB6BC5EC47F0180E0001D525D76F8A
:10708000000ED621D86F10D0AB0ED725F66EEF0EBE
:10709000D821F76E0800F5CFD4F0D4C0CAF0CB6B7E
:1070A000BCEC47F0D74BD82B300ED525CD6F000E5A
:1070B000D621CE6FCD51D75DCE51D859D8B0120060
:1070C000E3D7CF6F000E0001D66F000ED56FCF5102
:1070D0000608D06FCC517408D36FD3390F0BD16F22
:1070E000D3510F0BD26FB00ED025CA6FCB6B000EF1
:1070F000CB23C5EC47F0100E0001D125CA6FCB6B36
:10710000000ECB23C5EC47F0D2C0CAF00001CB6B18
:10711000C5EC47F0000E0001D86F000ED76F10D0FD
:10712000DB0ED725F66EEF0ED821F76E0800F5CFEF
:10713000D4F0D4C0CAF0CB6BBCEC47F0D74BD82B03
:10714000180ED525CD6F000ED621CE6FCD51D75D4F
:10715000CE51D859D8A0E4D7B10ED025CA6FCB6B89
:10716000000ECB23C5EC47F0100E0001D125CA6FED
:10717000CB6B000ECB23C5EC47F0D2C0CAF00001A8
:10718000CB6BC5EC47F0180E0001D525D76F000E6C
:10719000D621D86F10D0DB0ED725F66EEF0ED82192
:1071A000F76E0800F5CFD4F0D4C0CAF0CB6BBCECBE
:1071B00047F0D74BD82B300ED525CD6F000ED621FA
:1071C000CE6FCD51D75DCE51D859D8B01200E3D78C
:1071D000CF6F000E0001D56F000ED46FCF5106089F
:1071E000D06FCC517A08D36FD3390F0BD16FD351F5
:1071F0000F0BD26FB00ED025CA6FCB6B000ECB2316
:10720000C5EC47F0100E0001D125CA6FCB6B000E04
:10721000CB23C5EC47F0D2C0CAF00001CB6BC5EC64
:1072200047F0000E0001D76F000ED66F0ED0570E3C
:10723000D625F66EF00ED721F76E0800F550CA6F0E
:10724000CB6BBCEC47F0D64BD72B100ED425CD6FB3
:10725000000ED521CE6FCD51D65DCE51D759D8A0D5
:10726000E6D7B10ED025CA6FCB6B000ECB23C5EC91
:1072700047F0100E0001D125CA6FCB6B000ECB2357
:10728000C5EC47F0D2C0CAF00001CB6BC5EC47F0AB
:10729000100E0001D425D66F000ED521D76F0ED069
:1072A000570ED625F66EF00ED721F76E0800F55072
:1072B000CA6FCB6BBCEC47F0D64BD72B200ED42536
:1072C000CD6F000ED521CE6FCD51D65DCE51D759A1
:1072D000D8B01200E5D7D36F0001D35109080C0DC7
:1072E000F3CFD9F0CC510608D46FCD517A08D76FBF
:1072F000D7390F0BD56FD7510F0BD66FB00ED425E2
:10730000CA6FCB6B000ECB23C5EC47F0100E00010B
:10731000D525CA6FCB6B000ECB23C5EC47F0D6C08A
:10732000CAF00001CB6BC5EC47F0D9C0D8F007D04C
:10733000000ECB6F000ECA6FBCEC47F0D82B0001DB
:10734000D951CE6FCF6B060ECE27000ECF23D8516A
:10735000D06FD16BCE51D05DD151800AD26FCF5159
:10736000800AD259D8A0E4D7B10ED425CA6FCB6B0E
:10737000000ECB23C5EC47F0100E0001D525CA6FD7
:10738000CB6B000ECB23C5EC47F0D6C0CAF0000192
:10739000CB6BC5EC47F00001D951060FD86F07D071
:1073A000000ECB6F000ECA6FBCEC47F0D82BD95142
:1073B000CE6FCF6B0C0ECE27000ECF23D851D06FDF
:1073C000D16BCE51D05DD151800AD26FCF51800A9E
:1073D000D259D8B01200E4D7D36F0001D3510908B5
:1073E0000C0DF3CFD9F0CC510608D46FCD517A08EB
:1073F000D76FD7390F0BD56FD7510F0BD66FB00E94
:10740000D425CA6FCB6B000ECB23C5EC47F0100E12
:107410000001D525CA6FCB6B000ECB23C5EC47F01E
:10742000D6C0CAF00001CB6BC5EC47F0D9C0D8F08C
:1074300007D0000ECB6F000ECA6FBCEC47F0D82B04
:107440000001D951CE6FCF6B080ECE27000ECF238F
:10745000D851D06FD16BCE51D05DD151800AD26F4F
:10746000CF51800AD259D8A0E4D7B10ED425CA6F23
:10747000CB6B000ECB23C5EC47F0100E0001D525D9
:10748000CA6FCB6B000ECB23C5EC47F0D6C0CAF059
:107490000001CB6BC5EC47F00001D951080FD86F44
:1074A00007D0000ECB6F000ECA6FBCEC47F0D82B94
:1074B000D951CE6FCF6B100ECE27000ECF23D851EF
:1074C000D06FD16BCE51D05DD151800AD26FCF51E8
:1074D000800AD259D8B01200E4D7BE510F0B050A6A
:1074E000D8A403D05050010902D05050FE0B506E6A
:1074F000B051D8B403D05050020902D05050FD0B07
:10750000506EBE510F0BE806D8A403D050500809A6
:1075100002D05050F70B506E5050975DD8A0996B29
:10752000BE510F0B050AD8A420D0070E5B6E070EC4
:10753000A36F0A0EC46F6BEC47F00101825100018A
:10754000DB6F010183510001DC6F0101824B832B52
:10755000F40E0001DB5D010EDC59D8B004D0010E41
:10756000FDEC31F036D08B9434D0B051D8A403D098
:10757000AF51D8B414D0030EB019D8A409D082A248
:107580000AD0040E5718D8A403D0BF05D8B403D02E
:10759000010EFDEC31F00A0E0001C46F1AD0070E87
:1075A0005B18D8B41200BE510F0B0A0AD8A409D038
:1075B000010EFDEC31F0010E0001C46F6BEC47F0E1
:1075C00008D0C46B996B000E0101816F000E806FB3
:1075D0008B9850C097F01200CF6F000E0001D76F4C
:1075E000000ED66FCF510608D06FCC517A08D36FFA
:1075F000D3390F0BD16FD3510F0BD26FB00ED025F3
:10760000CA6FCB6B000ECB23C5EC47F0100E000108
:10761000D125CA6FCB6B000ECB23C5EC47F0D2C08F
:10762000CAF00001CB6BC5EC47F0000E0001D56F2E
:10763000000ED46F08D0000ECB6F000ECA6FBCECEA
:1076400047F0D44BD52B100ED625CD6F000ED72189
:10765000CE6FCD51D45DCE51D559D8A0ECD7B10E57
:10766000D025CA6FCB6B000ECB23C5EC47F0100EB4
:107670000001D125CA6FCB6B000ECB23C5EC47F0C0
:10768000D2C0CAF00001CB6BC5EC47F0100E000170
:10769000D625D46F000ED721D56F08D0000ECB6F42
:1076A000000ECA6FBCEC47F0D44BD52B200ED6256C
:1076B000CD6F000ED721CE6FCD51D45DCE51D559AF
:1076C000D8B01200EBD7CF6F000E0001D76F000EBD
:1076D000D66FCF510608D06FCC517408D36FD33911
:1076E0000F0BD16FD3510F0BD26FB00ED025CA6FD5
:1076F000CB6B000ECB23C5EC47F0100E0001D1255B
:10770000CA6FCB6B000ECB23C5EC47F0D2C0CAF0DA
:107710000001CB6BC5EC47F0000E0001D56F000EE9
:10772000D46F08D0000ECB6F000ECA6FBCEC47F0D0
:10773000D44BD52B090ED625CD6F000ED721CE6F99
:10774000CD51D45DCE51D559D8A0ECD7B10ED025AE
:10775000CA6FCB6B000ECB23C5EC47F0100E0001B7
:10776000D125CA6FCB6B000ECB23C5EC47F0D2C03E
:10777000CAF00001CB6BC5EC47F0090E0001D6251D
:10778000D46F000ED721D56F08D0000ECB6F000E3E
:10779000CA6FBCEC47F0D44BD52B120ED625CD6F5B
:1077A000000ED721CE6FCD51D45DCE51D559D8B072
:1077B0001200EBD7CF6F000E0001D76F000ED66F0F
:1077C000CF510608D06FCC517408D36FD3390F0B4B
:1077D000D16FD3510F0BD26FB00ED025CA6FCB6BC8
:1077E000000ECB23C5EC47F0100E0001D125CA6F67
:1077F000CB6B000ECB23C5EC47F0D2C0CAF0000122
:10780000CB6BC5EC47F0000E0001D56F000ED46FB6
:1078100008D0000ECB6F000ECA6FBCEC47F0D44B03
:10782000D52B160ED625CD6F000ED721CE6FCD519C
:10783000D45DCE51D559D8A0ECD7B10ED025CA6FA2
:10784000CB6B000ECB23C5EC47F0100E0001D12509
:10785000CA6FCB6B000ECB23C5EC47F0D2C0CAF089
:107860000001CB6BC5EC47F0160E0001D625D46F96
:10787000000ED721D56F08D0000ECB6F000ECA6F57
:10788000BCEC47F0D44BD52B2C0ED625CD6F000E7B
:10789000D721CE6FCD51D45DCE51D559D8B012007D
:1078A000EBD7CF6F000E0001D76F000ED66FCF5110
:1078B0000608D06FCC517408D36FD3390F0BD16F3A
:1078C000D3510F0BD26FB00ED025CA6FCB6B000E09
:1078D000CB23C5EC47F0100E0001D125CA6FCB6B4E
:1078E000000ECB23C5EC47F0D2C0CAF00001CB6B31
:1078F000C5EC47F0000E0001D56F000ED46F08D024
:10790000000ECB6F000ECA6FBCEC47F0D44BD52BEA
:10791000100ED625CD6F000ED721CE6FCD51D45D80
:10792000CE51D559D8A0ECD7B10ED025CA6FCB6BAC
:10793000000ECB23C5EC47F0100E0001D125CA6F15
:10794000CB6B000ECB23C5EC47F0D2C0CAF00001D0
:10795000CB6BC5EC47F0100E0001D625D46F000E9E
:10796000D721D56F08D0000ECB6F000ECA6FBCECCC
:1079700047F0D44BD52B200ED625CD6F000ED72146
:10798000CE6FCD51D45DCE51D559D8B01200EBD7C2
:1079900047D0000E0101BF6F000EBE6FBEC1C0F127
:1079A000BFC1C1F1000E0001836F000E826F120093
:1079B0008A908A925A905A925A945A965A985A9CF5
:1079C0005A9E000E836F000E826F12009DEC27F00E
:1079D00012005804D8B41200020E5818D8B412007D
:1079E0009DEC27F0F3D78A908A925A905A925A9433
:1079F0005A965A985A9C5A9E000E0101BF6F000E6B
:107A0000BE6FBEC1C0F1BFC1C1F1000E0001836FE6
:107A1000000E826FF3EC47F012008A908A92FAD738
:107A20005B50000AD8B4B5D7010AD8B4C1D7030A4D
:107A3000D8B4CCD7010AD8B4CCD7070AD8B4D3D796
:107A4000010AD8B4D0D7030AD8B41200010AD8B4B6
:107A5000E4D70D0AD8A41200B9D75A6A0001BE6B48
:107A60007EC1A2F07EC19DF0020EA219D8B40AD048
:107A7000030EA219D8B406D00A0EA219D8B402D0A7
:107A8000020EA26F020EA219D8A402D0A86B0CD0CD
:107A9000030EA219D8A402D0010E05D00A0EA21915
:107AA000D8A402D0020EA86F7CC178F07DC179F015
:107AB00078C04CF079C04DF02D0E4C5C010E4D5845
:107AC000D8A008D0000E796F780E786F78C04CF08F
:107AD00079C04DF076514C5C77514D58D8B004D0F8
:107AE000000E776F280E766F7AC174F07BC175F047
:107AF000755104E1640E745DD8A004D0000E756F5A
:107B0000050E746F78C172F079C173F0735104E19E
:107B1000640E725DD8A01200000E736F020E726FB9
:107B200012000001E535E635EC6FEC51D8A409D020
:107B3000000EE36F000EE46F000EE56F000EE66FBF
:107B40001200E3C0E7F0E4C0E8F0E5C0E9F0E6C009
:107B5000EAF0200E05D0D890EA33E933E833E73372
:107B6000E82EF9D7E751EB6FE58FFF0EE317FF0E15
:107B7000E417FF0EE517000EE617960EEC5FECAF6C
:107B80000DD0EC51800A970FD8A0D2D7D890E63309
:107B9000E533E433E333EC3FF9D70DD01F0EEC654A
:107BA00007D0C6D7D890E337E437E537E637EC0798
:107BB000EC51D8A4F7D7EB51D8B408D0E61FE51F95
:107BC000E41FE36D000EE423E523E623E3C0E3F0C6
:107BD000E4C0E4F0E5C0E5F0E6C0E6F01200000E17
:107BE000D16F000ED06F000ED56F000ED46F8D9444
:107BF000B00ED425CA6F000ED521CB6FC5EC47F06F
:107C0000000E0001CB6F100ECA6FC5EC47F0000EDE
:107C10000001CB6F000ECA6FC5EC47F0000E0001EB
:107C2000D36F000ED26F070ECC6F000ECD6FD45104
:107C3000CC5FD551CD5B070ED890CC37CD37E82E31
:107C4000FBD75F0ECC25CE6FE00ECD21CF6FD2518A
:107C5000CE5FD351CF5B7F0ECE27000ECF23CEC099
:107C6000F6FFCFC0F7FF0800F550CA6FCB6BBCEC36
:107C700047F0D04BD12BD24BD32BD35104E1800E04
:107C8000D25DD8A0D0D7D44BD52BD55105E1080E65
:107C9000D45DD8B01200ABD7120047D08996946B50
:107CA000936B1200000E0101856F000E846F000EB1
:107CB000876F000E866F89960001946B010E936F9B
:107CC00012008986010E946F010186510001CA6F6E
:107CD000010187510001CB6F0101864B872B000109
:107CE000CB5104E10B0ECA5DD8A01200020E936FB7
:107CF000000E0101856F000E846F12008996946B4F
:107D0000010184510001CA6F010185510001CB6F4F
:107D10000101844B852B0001CB5104E1FB0ECA5DB0
:107D2000D8A01200030E936F120000019351CA6F86
:107D3000CB6BCB51000AD8A4B1D7CA51000AD8B432
:107D4000B1D7010AD8B4BDD7030AD8B4D7D7010A2E
:107D5000D8B4A8D7A3D7033404340A6E0A50D8A4E1
:107D600009D0000E016E000E026E000E036E000EB2
:107D7000046E120001C005F002C006F003C007F057
:107D800004C008F0200E05D0D89008320732063221
:107D90000532E82EF9D70550096E038EFF0E011645
:107DA000FF0E0216FF0E0316000E0416960E0A5E54
:107DB0000AAE0DD00A50800A970FD8A0D2D7D8901B
:107DC00004320332023201320A3EF9D70DD01F0EBF
:107DD0000A6407D0C6D7D890013602360336043677
:107DE0000A060A50D8A4F7D70950D8B408D0041E00
:107DF000031E021E016C000E02220322042201C097
:107E000001F002C002F003C003F004C004F012004D
:107E100001014D51D8A434D081CF64F00001656BCD
:107E2000641F651F200E6415646F656B200E641956
:107E30006511D8A41CD04EC1E9F04FC1EAF050C181
:107E4000EBF051C1ECF001014E2B000E4F235023FB
:107E500051230001EC51EB1106E12C0EE95D010EFE
:107E6000EA59D8A00DD0010E01014D6F09D0000EC6
:107E700001014E6F000E4F6F000E506F000E516FDC
:107E800001014D05D8A4120081CF64F00001656B9B
:107E9000641F651F200E6415646F656B200E6419E6
:107EA0006511D8A40AD0640EDE6F4AC1DFF04BC161
:107EB000E0F0000EDDEC30F0120081EC45F0010145
:107EC0004D6B090E4C6F1200DEC0DFF04ED0DDC0EE
:107ED000CCF0DFC0CDF0DBC0F6FFDCC0F7FF080060
:107EE000F550AAEC21F0010EDB25DB6F000EDC2142
:107EF000DC6FDBC0F6FFDCC0F7FF0800F550200A9E
:107F0000D8A409D0C851D8B403D0DF51030F2CD066
:107F1000DF51020F29D0DBC0F6FFDCC0F7FF0800FD
:107F2000F550A60AD8B409D0DBC0F6FFDCC0F7FFD5
:107F30000800F550C40AD8A409D0C851D8B403D059
:107F4000DF51080F11D0DF51050F0ED0DBC0F6FF57
:107F5000DCC0F7FF0800F550C20AD8B4F1D7C85109
:107F6000D8A4EED7DF51060FDF6FDBC0F6FFDCC011
:107F7000F7FF0800F5500009D8B41200A8D7B75190
:107F8000D8A40CD0010EB76F000E0101B36F000E24
:107F9000B26F8A820001B86B5A981200B705D8A454
:107FA00021D00101B24BB32B000E046E040E036E00
:107FB0004D5008E1330E4C5CD8B004D0000E046E76
:107FC000100E036EB251035CB3510458D8B0E2D71F
:107FD0008A92020E0001B76F000E0101B36F000E0E
:107FE000B26FD8D7020EB719D8A412000101B24B54
:107FF000B32BB35104E1330EB25DD8A0CBD700014F
:10800000B76B000E0101B36F000EB26F00017E511D
:108010004C24016E7F514D20026E01504A5C02508B
:108020004B58D8B0B7D7B66B000E816F000E806F7B
:10803000B1D70D0EF85D010EF959D8B002D0050E7A
:1080400021D0150EF85D010EF959D8B002D00A0EF4
:1080500019D0280EF85D010EF959D8B002D0010EE2
:1080600011D0300EF85D010EF959D8B002D0020ED1
:1080700009D03F0EF85D010EF959D8B002D0030EB9
:1080800001D0040E576EBB515718D8A415D001016A
:10809000B8510001CA6F0101B9510001CB6F010154
:1080A000B84BB92B0001CB5104E1320ECA5DD8A008
:1080B00008D057C0BEF005D0000E0101B96F000E08
:1080C000B86F57C0BBF082B205D00001BE51800925
:1080D000BE6F12000001BE517F0BBE6F12000B6E0F
:1080E000000E0E6E000E0D6E0B5071EC44F0000190
:1080F000C651020D520EF324D96E010EF420DA6E31
:1081000001C0DEFF02C0DDFFC62B030EC619D8B4C6
:10811000C66B0C6A0C50020D520EF324D96E010E80
:10812000F420DA6EDE500D26DD500E220C2A020EEF
:108130000C64F0D70DC001F00EC002F0000E046E0A
:10814000030E036EC1EC42F001C00DF002C00EF050
:108150000EBE07D0040E0E5CD8A003D0030E0E6E28
:108160000D680EBE05D00E5007E10D04D8B004D046
:10817000000E0E6E000E0D6E0DC009F00EC00AF05E
:1081800012000B6E000E0E6E000E0D6E0B5071EC99
:1081900044F00001C551020DC20EF324D96E010E48
:1081A000F420DA6E01C0DEFF02C0DDFFC52B0A0E2F
:1081B000C519D8B4C56B0C6A0C50020DC20EF3245D
:1081C000D96E010EF420DA6EDE500D26DD500E223F
:1081D0000C2A090E0C64F0D70DC001F00EC002F09D
:1081E000000E046E0A0E036EC1EC42F001C00DF0E9
:1081F00002C00EF00EBE07D0040E0E5CD8A003D055
:10820000030E0E6E0D680EBE05D00E5007E10D0474
:10821000D8B004D0000E0E6E000E0D6E0DC009F029
:108220000EC00AF0120008C001F009C002F0000EF2
:10823000046E0A0E036ED4EC45F001C0ACF102C02E
:10824000ADF1095004E1C90E085CD8A00FD008C0F8
:1082500001F009C002F0000E046E140E036ED4EC9F
:1082600045F001C07EF002C07FF01200095004E129
:10827000500E085CD8A012D008C001F009C002F06E
:10828000000E046E140E036ED4EC45F0040E0124AF
:1082900000017E6F000E02207F6F120008C001F007
:1082A00009C002F0000E046E0A0E036ED4EC45F015
:1082B000020E012400017E6F000E02207F6F12006B
:1082C00000018E51020D000EF324D96E010EF42030
:1082D000DA6ED6C0DEFFD7C0DDFF8E2B000EDA6F60
:1082E000000ED96F0A0E8E19D8B48E6BD86BD85188
:1082F000020D000EF324D96E010EF420DA6EDE506A
:10830000D927DD50DA23D82B090ED865F0D7D9C08C
:10831000CFF0DAC0D0F0000ED26F0A0ED16FABEC06
:1083200045F0CFC0D9F0D0C0DAF0E70ED95D030E2A
:10833000DA59D8A004D0030EDA6FE70ED96FD951FD
:10834000DA11D8A404D0000EDA6F000ED96FD9C0AC
:10835000D6F0DAC0D7F01200D46FD4C0D2F03FD03C
:10836000D451B708CA6F000ED8A0E82A0008CB6F16
:10837000C5EC47F0800E0001CF6F000ED06FCE51DC
:10838000CF5F000ED05B040ED16FD035D033CF332A
:10839000D12FFBD7CF51D56F100ED525CA6FCB6B20
:1083A000000ECB23C5EC47F00001CE5180080F0B27
:1083B000D56FD5C0CAF0CB6BC5EC47F00001D42B0C
:1083C000CDC0D3F007D0000ECB6F000ECA6FBCEC4F
:1083D00047F0D32BCE51D35DD8A0F5D7D22B0001D7
:1083E000CC51D25DD8B01200BBD7000ECD6F000EBD
:1083F000CC6F000ED16F000ED06F8D94B00ED025D3
:10840000CA6F000ED121CB6FC5EC47F0000E000102
:10841000CB6F100ECA6FC5EC47F0000E0001CB6F9A
:10842000000ECA6FC5EC47F0000E0001CF6F000EC2
:10843000CE6F5F0ECC25F66ED40ECD21F76E080000
:10844000F550CA6FCB6BBCEC47F0CC4BCD2BCE4B71
:10845000CF2BCF5104E1800ECE5DD8A0EAD7D04B10
:10846000D12BD15105E1080ED05DD8B01200C5D78F
:108470001200000ECD6F000ECC6F000ED16F000EFB
:10848000D06F8D94B00ED025CA6F000ED121CB6F66
:10849000C5EC47F0000E0001CB6F100ECA6FC5ECA3
:1084A00047F0000E0001CB6F000ECA6FC5EC47F01D
:1084B000000E0001CF6F000ECE6F5F0ECC25F66E62
:1084C000C40ECD21F76E0800F550CA6FCB6BBCEC23
:1084D00047F0CC4BCD2BCE4BCF2BCF5104E1800EB0
:1084E000CE5DD8A0EAD7D04BD12BD15105E1080EF3
:1084F000D05DD8B01200C5D71200000ECD6F000EAF
:10850000CC6F000ED16F000ED06F8D94B00ED025C1
:10851000CA6F000ED121CB6FC5EC47F0000E0001F1
:10852000CB6F100ECA6FC5EC47F0000E0001CB6F89
:10853000000ECA6FC5EC47F0000E0001CF6F000EB1
:10854000CE6F5F0ECC25F66EDC0ECD21F76E0800E7
:10855000F550CA6FCB6BBCEC47F0CC4BCD2BCE4B60
:10856000CF2BCF5104E1800ECE5DD8A0EAD7D04BFF
:10857000D12BD15105E1080ED05DD8B01200C5D77E
:108580001200066A04AE06D0036C041ED8B0042A9A
:10859000010E066E02AE06D0016C021ED8B0022A91
:1085A000010E061A000E086E000E076E035004102E
:1085B000D8B41CD0010E056E04D0D8900336043612
:1085C000052A04AEFAD7D890073608360350015C66
:1085D00004500258D8A005D00350015E0450025A3E
:1085E0000780D89004320332052EEDD70650D8B458
:1085F00004D0076C081ED8B0082A07C001F008C0D4
:1086000002F01200F40EF66E8E0EF76E000EF86E8B
:1086100001EEC2F010EE18F00900F5CFEEFFE550C4
:10862000E150FAE1F40EF66E8F0EF76E000EF86E62
:108630000900F5CFF8F00900F5CFF9F00900F5CF02
:10864000FAF002EE00F03C0EEE6AE806FDE101EE03
:1086500000F0C20EEE6AE806FDE100EE60F06A0E80
:10866000EE6AE806FDE100EE48F0140EEE6AE80658
:10867000FDE15C905C92000EF86E0001D7EF22F0F5
:10868000CE6F0001CE510608CF6FCC517A08D26F61
:10869000D2390F0BD06FD2510F0BD16FB00ECF2547
:1086A000CA6FCB6B000ECB23C5EC47F0100E000158
:1086B000D025CA6FCB6B000ECB23C5EC47F0D1C0E1
:1086C000CAF00001CB6BC5EC47F00001D36B140E70
:1086D000D325F66EF76AF10EF7220800F550CA6F3F
:1086E000CB6BBCEC47F0D32B060ED365F0D7120052
:1086F0005B6A536A000E0101996F000E986F0001CA
:10870000A66B546AA06BAF6BB06B000E496E000E87
:10871000486EAE6B020E0101856F8A0E846F000EEB
:10872000896F000E886F000E876F000E866F000144
:10873000C46B9F6B000E0101836F000E826F000EF1
:10874000496E000E486E000E0001716F000E706FD2
:10875000596A1200CE6F0001CE510608CF6FCC517E
:108760007A08D26FD2390F0BD06FD2510F0BD16F65
:10877000B00ECF25CA6FCB6B000ECB23C5EC47F0F4
:10878000100E0001D025CA6FCB6B000ECB23C5ECB9
:1087900047F0D1C0CAF00001CB6BC5EC47F0000137
:1087A000D36B000ECB6F000ECA6FBCEC47F0D32B1F
:1087B000060ED365F6D71200CD6F0001CD51070824
:1087C000CE6FCC517A08D16FD1390F0BCF6FD15109
:1087D0000F0BD06FB00ECE25CA6FCB6B000ECB2324
:1087E000C5EC47F0100E0001CF25CA6FCB6B000E11
:1087F000CB23C5EC47F0D0C0CAF00001CB6BC5EC71
:1088000047F00001D26B000ECB6F010ECA6FBCECBB
:1088100047F0D22B050ED265F6D71200CD6F0001BE
:10882000CD510608CE6FCC517A08D16FD1390F0BDC
:10883000CF6FD1510F0BD06FB00ECE25CA6FCB6B5F
:10884000000ECB23C5EC47F0100E0001CF25CA6FF8
:10885000CB6B000ECB23C5EC47F0D0C0CAF00001B3
:10886000CB6BC5EC47F00001D26B000ECB6F030E53
:10887000CA6FBCEC47F0D22B090ED265F6D71200B6
:108880005AA207D05B04D8A402D0010E1AD0050E5C
:1088900018D05AA607D05B04D8A402D0040E11D079
:1088A000060E0FD05AA002D0030E0BD05AA402D04D
:1088B000020E07D05AA802D0070E03D05AAA04D03D
:1088C000080E0001B06F02D00001B06BB051D8B4F7
:1088D00005D0000E0101996F000E986F2AEC45F04B
:1088E0001200056E3F0EC21605C003F00F0E0316F0
:1088F00003460346C2500318C30B0318C26EC2825C
:10890000C2B2FED7C450046EC350036EFF0E0314F0
:10891000066E030E0414076E040E075CD8A003D085
:10892000030E076E066806500710D8A404D0000E88
:10893000076E000E066EC29206C001F007C002F07C
:108940001200E0C0E1F021D0DFC0CCF0E1C0CDF0FA
:10895000DDC0F6FFDEC0F7FF0800F5504BEC15F068
:10896000010EDD25DD6F000EDE21DE6FDDC0F6FFBE
:10897000DEC0F7FF0800F550200AD8A403D0E1516B
:10898000020F02D0E151070FE16FDDC0F6FFDEC03C
:10899000F7FF0800F5500009D8B41200D5D7DCC0A5
:1089A000DDF021D0DBC0CCF0DDC0CDF0D9C0F6FFCA
:1089B000DAC0F7FF0800F55051EC29F0010ED92577
:1089C000D96F000EDA21DA6FD9C0F6FFDAC0F7FFEF
:1089D0000800F550200AD8A403D0DD51030F02D0BF
:1089E000DD51080FDD6FD9C0F6FFDAC0F7FF0800D0
:1089F000F5500009D8B41200D5D75B04D8B40CD018
:108A0000040E5B18D8B408D0050E5B18D8B404D097
:108A1000080E5B18D8A418D001019C4B9D2B980E12
:108A20009C5D3A0E9D59D8A00DD03A0E9D6F980EC0
:108A30009C6F5A8A0001A151D8B45BC0A1F0080E06
:108A40005B6E12005A9A1200000E01019D6F000E1B
:108A50009C6FF8D700019451D8A409D0000E0101F1
:108A6000776F000E766F89960001946B12000101FA
:108A700076510001CA6F010177510001CB6F0101EE
:108A8000764B772B0001CB5104E10B0ECA5DD8A0C9
:108A90001200000E0101776F0F0E766F000E856FCA
:108AA000000E846F020E0001936FDDD7020E0001ED
:108AB000CD6F8D94B00ECD25CA6FCB6B000ECB233E
:108AC000C5EC47F0000E0001CB6F100ECA6FC5EC6D
:108AD00047F0000E0001CB6F000ECA6FC5EC47F0E7
:108AE0000001CC6B000ECB6F000ECA6FBCEC47F0E0
:108AF000CC2B830ECC65F6D7CD2B080ECD65D9D700
:108B000012000001CD6B8D94B00ECD25CA6FCB6BDA
:108B1000000ECB23C5EC47F0000E0001CB6F100E0A
:108B2000CA6FC5EC47F0000E0001CB6F000ECA6F94
:108B3000C5EC47F00001CC6B000ECB6F000ECA6F86
:108B4000BCEC47F0CC2B830ECC65F6D7CD2B080EB2
:108B5000CD65D9D71200000ED46F000ED36FD1515E
:108B6000D211D8B41CD0010ED56F04D0D890D13713
:108B7000D237D52BD2AFFAD7D890D337D437D151FB
:108B8000CF5DD251D059D8A005D0D151CF5FD251AD
:108B9000D05BD381D890D233D133D52FEDD7D3C08A
:108BA000CFF0D4C0D0F01200000E066E000E056E9D
:108BB00003500410D8B41CD0010E076E04D0D89016
:108BC00003360436072A04AEFAD7D890053606369F
:108BD0000350015C04500258D8A005D00350015E38
:108BE0000450025A0580D89004320332072EEDD784
:108BF00005C001F006C002F012000101D64BD72BD0
:108C0000D75104E1040ED65DD8A00BD086EC47F016
:108C10000FC04EF010C04FF0000E0101D76F000ED4
:108C2000D66FD84BD92BD95104E1FB0ED85DD8A013
:108C3000120092EC47F00FC0F8F010C0F9F0000EEF
:108C40000101D96F000ED86F1200CAC0F6FFCBC069
:108C5000F7FFCBC0CEF0CCC0CFF0CDC0D0F0CFC0AE
:108C6000CEF0D0C0CFF0D06BCE51F86E0900F5CF6A
:108C7000D1F00001D26BD151D26FD16B0900F55008
:108C80000001D113D1C0CAF0D2C0CBF01200CC5138
:108C9000CD11D8B418D0010ECE6F04D0D890CC37F7
:108CA000CD37CE2BCDAFFAD7CC51CA5DCD51CB59F4
:108CB000D8A004D0CC51CA5FCD51CB5BD890CD3376
:108CC000CC33CE2FF1D7CAC0CAF0CBC0CBF0120044
:108CD000000ECE6F000ECD6F10D0000ED06F000EC4
:108CE000CF6FCF4BD02BD0BFFCD7D05104E10A0EB1
:108CF000CF5DD8A0F6D7CD4BCE2BCA51CD5DCE518E
:108D0000800ACC6FCB51800ACC59D8B01200E5D77D
:108D10009951D8B40ED0080ECC6F000ECD6F320E24
:108D2000CE6F060EACEC41F0190ECC6F060EBEEC09
:108D300035F0A051D8B406D0730ECC6F060E37ECC8
:108D400035F01200730ECC6F060E63EC3BF0120090
:108D50000001A651D8B406D07C517D11D8B402D000
:108D6000010E9B6F9B51D8B41200AE51D8A41200D3
:108D70009A2B9A05CA6F040ECA6505D08996946B22
:108D8000D6EC47F012008986010E946F1200000E97
:108D9000066E000E056E0350015C04500258D8A008
:108DA00006D00350015C056E04500258066E065052
:108DB00008E1050E055CD8B004D0000E066E050E65
:108DC000056E05C001F006C002F01200CAC0F6FF31
:108DD000CBC0F7FFCBC0D0F0CCC0D1F0CDC0D2F02B
:108DE000D1C0D0F0D2C0D1F0D26BD051F86ECFC08C
:108DF000F5FF0D00CEC0F5FF0C00A698A68A19EC71
:108E000047F01200D6C0CFF0D7C0D0F0000ED26F1E
:108E10000A0ED16FABEC45F0CFC0D8F0D0C0D9F07E
:108E2000D8C0ACF1D9C0ADF1D8C07EF0D9C07FF0C8
:108E30001200A684D890F2BED880F29E550EA76E7E
:108E4000AA0EA76EA682000000000000000000002D
:108E50000000A6B2FED7A694D8A01200F29E12007F
:108E6000370E926E896A806AFC0E936E816A8A6AF6
:108E7000030E946E826A8B6A8C6A956A836A8D6A25
:108E8000966A846A0F01486949691200CAC0F6FFF0
:108E9000CBC0F7FFCBC0CEF0CCC0CFF0CDC0D0F070
:108EA000CFC0CEF0D0C0CFF0D06BCE51F86EA68838
:108EB00019EC47F01200000E01014B6F000E4A6FD3
:108EC0004C6B4D6B000E4E6F000E4F6F000E506FCF
:108ED000000E516F12008B9A8B50BF0B8B6E8B88DC
:108EE0000001902B9005CA6F310ECA651200906B7D
:108EF0008B8812003B013B013B013B013B013B01E5
:108F00003B013B013B013B01F900F900000E6FEC16
:108F100040F009C011F00AC012F011C00FF012C0E9
:108F200010F01200020EC1EC40F009C011F00AC0AE
:108F300012F011C00FF012C010F01200200EF26EED
:108F4000800EF16ED80ED76EEF0ED66E830ED56EF4
:108F500012000F01489148934895010EC26EBE0E53
:108F6000C16EC28012009B6BAE6B9A6B8996946B3C
:108F7000CC6A8996946B12008D94898E8D808D9227
:108F8000CAC08CFF8D848D9012008D94899E8D8037
:108F90008D92CAC08CFF8D908D841200700ED36E9E
:108FA0009B5040099B6ED3B61200FDD79B6B010E00
:108FB000AE6F9A6BCC6A8996946B1200340E796E00
:108FC000A0500209A06E12000001C451D8A41200E2
:108FD0008B8C12000001BE6BBB6B576A120056509F
:108FE000F009566E120056500F0B566E1200FDEC33
:108FF00045F012003B010A00FF00FF00FF00FF00E8
:10BBD000FF00FF00FF00FF00FF00FF00FF0000006C
:10BBE00000000000000000000000000000007C00D9
:10BBF0000000000080000000704000704000000065
:10BC0000000000000A1F6A1F6A00C000C000000098
:10BC10001B25652600000000C00000002454250AF2
:10BC20000900000000800000030C121102000080D7
:10BC3000800080000000780000000000000000008C
:10BC400000001F60000000008060000000601F0016
:10BC50000000006080000000202C702C20000000FC
:10BC60000000000404043F04040000008000000001
:10BC70000000010100000060C00000000404040492
:10BC8000040000000000000000010100000000802E
:10BC900080000000000106186000408000000000E5
:10BCA0003F4040403F0000808080000000407F0017
:10BCB00000008080808080002142444831008080E4
:10BCC000808080002140484837000080808000004C
:10BCD000060A32427F000000008080000178484858
:10BCE00047000080808000001F28484847000080EF
:10BCF000808000006040414E700000008000000025
:10BD00003748484837000080808000003844444568
:10BD10003E008080800000000019190000000080B3
:10BD20008000000000001919000000C0800000041D
:10BD30000A0A112020000000008080000A0A0A0A76
:10BD40000A0000000000002020110A0A0480800080
:10BD50000000000000102224180000808000000075
:10BD60007F808C927E00804040408000035E621E97
:10BD700003808080008080407F48484837808080F2
:10BD8000808000003F404040610000808080004093
:10BD90007F4040211E808080800000407F485C40C2
:10BDA0006180808080808000407F485C400080808F
:10BDB000800000003F4040446700008080800040D9
:10BDC0007F4808487F8080800080800040407F401E
:10BDD00040008080808080000740407F40000080DD
:10BDE000800000407F440C52618080800000800011
:10BDF000407F400003008080808080407F700C7016
:10BE00007F808080008080407F700E417F808080B6
:10BE1000008080003F4040403F0000808080000064
:10BE2000407F444438008080800000003F40404014
:10BE30003F000080C0C040407F444446398080803D
:10BE400000000000314948286700800080800060C1
:10BE500040407F4040000080808000407F400040A4
:10BE60007F00008080800040704E014E7000000016
:10BE7000800000407F400F407F0000800080004035
:10BE800061120C12618080000000804060580758E9
:10BE9000600000808080000061424C506100808022
:10BEA00080808000007F4040000000E020200000F3
:10BEB000403806010000000000C000000040407F44
:10BEC0000000002020E000000810601008000000C2
:10BED0000000000000000000001010101010100002
:10BEE0000000402000000000000000000B141414AB
:10BEF0000F000080808080407F0810100F808080BD
:10BF0000808000000F101010190000808080000059
:10BF10000F1010487F000080808080000F141414E0
:10BF20000C00008080808000103F505050008080C6
:10BF3000808080000F1010081F0000A0A0A0C0404B
:10BF40007F0810100F8080800080800010105F003C
:10BF500000008080808080001010501F0000202092
:10BF600020C000407F04161910808000808080006F
:10BF700000407F0000008080808080101F100F1024
:10BF80000F808080808080101F0810100F808080BC
:10BF9000008080000F1010100F00008080800010C3
:10BFA0001F0810100F20E0A0808000000F10100864
:10BFB0001F00008080A0E000101F0810100080808B
:10BFC00080808000091414141B0080808080000091
:10BFD000103F101010000000808080101F00001122
:10BFE0001F000080800080101C1300131C00000044
:10BFF000800000101F1007101F000080008000103C
:10C000001906061910808000008080101816011390
:10C010001C002020E020000019121418110080805C
:10C020008080800000023D4000000000C020000031
:10C0300000007F0000000000C000000000403D0242
:10C0400000000020C0000000020402020400000002
:10C0500000000000000000000000000000000000E0
:10C0600000000000000000000000000000000000D0
:10C0700000000000000000000000000000000000C0
:10C0800000000000000000000000000000000000B0
:10C0900000000000000000000000000000000000A0
:10C0A0000000000000000000000000000000000090
:10C0B0000000000000000000000000000000000080
:10C0C0000000000000000000000000000000000070
:10C0D0000000000000000000000000000000000060
:10C0E0000000000000000000000000000000000050
:10C0F0000000000000000000000000000000000040
:10C10000000000000000000000000000000000002F
:10C11000000000000000000000000000000000001F
:10C12000000000000000000000000000000000000F
:10C1300000000000000000000000000000000000FF
:10C1400000000000000000000000000000000000EF
:10C1500000000000000000000000000000000000DF
:10C1600000000000000000000000000000000000CF
:10C1700000000000000000000000000000000000BF
:10C1800000000000000000000000000000000000AF
:10C19000000000000000000000000000000000009F
:10C1A0000000000000000000009898000000FE025F
:10C1B000FA48484848F800FE000000FE02324000FD
:10C1C00000FC8888FC0002020202FE020202FE025B
:10C1D000020030A8A8AEAAA83000FE00800000002F
:10C1E000000000000000000000000000000000004F
:10C1F000000000000000000000000000000000003F
:10C20000000000000000000000000000000000002E
:10C21000000000000000000000000000000000001E
:10C2200000000000000000000001010000001F10DD
:10C2300013121212120308130000021F020202025C
:10C24000000F08080F00000101011F00000003009B
:10C250000000080B0A1A0A0B08180701000000006A
:10C2600000000000000000000000000000000000CE
:10C2700000000000000000000000000000000000BE
:10C2800000000000000000000000000000000000AE
:10C29000000000000000000000000000000000009E
:10C2A0000000000000000000CCCC000000FF01FDF9
:10C2B00024242424FC00FF000000FF0119200000BA
:10C2C000FE4444FE008080FF8181808000FF40208A
:10C2D000008D9989C9A9998902FC8281000000001A
:10C2E000000000000000000000000000000000004E
:10C2F000000000000000000000000000000000003E
:10C30000000000000000000000000000000000002D
:10C31000000000000000000000000000000000001D
:10C32000000000000000000000000000000F0809ED
:10C33000090909090104090000010F0101010100B7
:10C3400007040407000004040404040009040201B3
:10C3500000000404040404000004080000000000BD
:10C3600000000000000000000000000000000000CD
:10C3700000008181BFA1A1E7A1A1BF81810081B19E
:10C380002A242A31A104FE808000FF01FD242424F8
:10C3900024FC00FF000000FF0119200000FE4444BF
:10C3A000FE0007020CF00222223E2121010005F5C9
:10C3B000565C56F50520FF60100001863806813E68
:10C3C000A1ABB2EA9600FF01FD24242424FC00FF67
:10C3D000000000000000000000000000000000005D
:10C3E000000000000000000000000000000000004D
:10C3F0000000000E0A0A0E0B0E0A0A0E00000000D2
:10C400000F08080F0000040800000F0809090909B7
:10C41000090104090000010F0101010100070404E2
:10C4200007000509010F01010101010101000405D7
:10C430000F050F0504010F0101000302020F0000A8
:10C440000F0A0A0A0F000F0809090909090104095E
:10C4500000000000000000000000000000000000DC
:10C4600000000000000000000000000000000000CC
:10C4700000000000000000000000000000000000BC
:10C4800000000000000000000000000000000000AC
:10C49000000000000000000000000000000000009C
:10C4A000000000000000000000000040A02020600C
:10C4B000002020E020200020E02020A04000483480
:10C4C0003424C00020E0000020E02020E02020A054
:10C4D0004000002020E0200000000020E0200000BC
:10C4E000000000000000000000000000000000004C
:10C4F000000000000000000000000000000000003C
:10C50000000000000000000000000000000000002B
:10C51000000000000000000000000000000000001B
:10C5200000000000000000000000000604050502F5
:10C5300000000007240400000305050402000604AF
:10C5400004040300000304040207040003050504B7
:10C550000200040402070400302722223F200000CA
:10C5600000000000000000000000000000000000CB
:10C5700008F8000088F8080090080808F00000900B
:10C58000284848980000000808F0000008F808084B
:10C5900008F00000D0484848F00000E0100808F813
:10C5A0000800000000000000000000000000101063
:10C5B000F010100000E0101010E00010F00000106B
:10C5C000F01010F0909050200000E0101014FC04C7
:10C5D000002050909030000030901010F0100000BB
:10C5E000000000000000000000000000000000004B
:10C5F00000000101000F080001010101000000011D
:10C60000010101000000000101070101000101001A
:10C610000001010000010101000000030408080FEF
:10C620000800000000000000000000000000000002
:10C630001F1010000001020202010010110A0A116D
:10C64000130A0001020202010000010202020302B9
:10C650000003020202010000181311111F10000054
:10C660000000000000000010F0101010E00010F0BA
:10C67000000010F01000A0909090E0001010F0105A
:10C680001000001010F01000A0909090E00010F04A
:10C69000101010E000A0909090E000F0608010F08A
:10C6A000100000000000000000000000000000007A
:10C6B00010F0000010F0100020509090300010108A
:10C6C000F01010001010F010100008945454B8002E
:10C6D00010F0000010F0100030901010F01000006A
:10C6E00000000000000000001F1202020100000113
:10C6F00002020103020001020202010000001F10F9
:10C700001000020201030200010202020100001FE8
:10C7100012020201000102020201101F10031C1F7D
:10C7200010000000000000000000000000000000F9
:10C7300000010202011F10000302020201000000BA
:10C740001302020000001F10100002030202010089
:10C750000001020201030200181311111F10000052
:10C760000000000000000020509090300080404009
:10C7700040800010F0101010E0000008945454B8ED
:10C780000010F0101010E000001010E00000000099
:10C790001010F01000E0101010E00000000010F089
:10C7A0001000000000000000000000000000000079
:10C7B0000000000000000000000000000000000079
:10C7C000000000000000040408885020508808047D
:10C7D00004000000E0404040FC404040E000000019
:10C7E00000000000000000030202020100162A0AF5
:10C7F0002A170000030200000302000203020201E4
:10C8000000000302000003020002020F0202000205
:10C8100002010302000102020201000E1111111FA8
:10C8200010000000000000000000000000000000F8
:10C8300000000000000000000000000000000000F8
:10C8400000000000000008080E09081828090E085A
:10C8500008000000070404043F040404070000006B
:10C8600000000000000000000000000000000000C8
:10C8700000000000000000000000000000000000B8
:10C8800000000000000000000000000000000000A8
:10C890000000000000000000000000000000000098
:10C8A0000000000000000000000000000000000088
:10C8B0000000000000000000000000000000000078
:10C8C0000000000000000000000000000000000068
:10C8D0000000000000000000000000000000000058
:10C8E0000000000000000000000000000000000048
:10C8F0000000000000000000000000000000000038
:10C900000000000000000000000000000000000027
:10C910000000000000000000000000000000000017
:10C920000000000000000000000000000000000007
:10C9300000000000000000000000000000000000F7
:10C9400000000000000000000000000000000000E7
:10C9500000000000000000000000000000000000D7
:10C9600000000000000000000000000000000000C7
:10C9700000000000000000000000000000000000B7
:10C9800000000000000000000000000000000000A7
:10C990000000000000000000000000000000000097
:10C9A0000000000000000000000000000000000087
:10C9B0000000000000000000000000000000000077
:10C9C000000145495141FF41414101FC03004741FC
:10C9D000434EF14E46FF0000FFC060000000000023
:10C9E0000000000000000000000000000000000047
:10C9F0000000000000000000000000000000000037
:10CA00000000000000000000000000000000000026
:10CA10000000000000000000000000000000000016
:10CA20000000000000000000000000000000000006
:10CA300000000000000000000000000000000000F6
:10CA40000008080808080B080808080F0000080874
:10CA50000C0407040407000C07000000000000009D
:10CA600000000000000000000000000000000000C6
:10CA700000000000000000000000000000000000B6
:10CA800000000000000000000000000000000000A6
:10CA90000000000000000000000000000000000096
:10CAA0000000000000000000000000000000000086
:10CAB0000000000000000000000000000000000076
:10CAC000000145495141FF41414101FC0300007F04
:10CAD00041415D5454545E40407F0000000000001E
:10CAE0000000000000000000000000000000000046
:10CAF0000000000000000000000000000000000036
:10CB00000000000000000000000000000000000025
:10CB10000000000000000000000000000000000015
:10CB20000000000000000000000000000000000005
:10CB300000000000000000000000000000000000F5
:10CB40000008080808080B080808080F000004047B
:10CB5000070505050D0D050507040400000000008C
:10CB600000000000000000000000000000000000C5
:10CB700000000000000000000000000000000000B5
:10CB8000000000000404FC54545454545454FC0455
:10CB9000040004C4A89890A8C88414F0080000F801
:10CBA0000404040400806010080C040414244404E9
:10CBB000FC04040404F00C0000000000000000006D
:10CBC0000000000000000000000000000000000065
:10CBD0000000000000000000000000000000000055
:10CBE0000000000000000000000000000000000045
:10CBF0000000000000000000000000000000000035
:10CC000000000000013D292939292F293929293D12
:10CC10000100023E202020203806123322020007A5
:10CC200004040404043F04040404002021212121FD
:10CC30002F212121203F0000000000000000000003
:10CC400000000000000000000000000000000000E4
:10CC500000000000000000000000000000000000D4
:10CC600000000000000000000000000000000000C4
:10CC700000000000000000000000000000000000B4
:10CC800000000000000000000000000000000000A4
:10CC90000000000000000000000000000000000094
:10CCA0000000000000000000000000000000000084
:10CCB0000000000000000000000000000000000074
:10CCC0000000000000000000000000000000000064
:10CCD0000000000000000000000000000000000054
:10CCE0000000000000000000000000000000000044
:10CCF0000000000000000000000000000000000034
:10CD00000000000000000000000000000000000023
:10CD10000000000000000000000000000000000013
:10CD20000000000000000000000000000000000003
:10CD300000000000000000000000000000000000F3
:10CD400000000000000000000000000000000000E3
:10CD500000000000000000000000000000000000D3
:10CD600000000000000000000000000000000000C3
:10CD700000000000000000000000000000000000B3
:10CD800000000000000000000E0418E00444447C91
:10CD9000424202000AEAACB8ACEA0A40FEC02000F7
:10CDA000020C700C027C425664D42C00FE02FA483D
:10CDB000484848F800FE00000000000000000000A5
:10CDC000F0F0F0000000F0F0F0000000F0F0F000F3
:10CDD0000000F0F0F0000000000000000000000083
:10CDE0000000000000000000000000000000000043
:10CDF0000000000000000000000000000000000033
:10CE000000000000000000000A12021F02020202DD
:10CE100002020200080B1E0A1E0B08021F0202007B
:10CE20000605041E01001F1515151F001F10131203
:10CE3000121212030813000000000000000000009E
:10CE400003030300000003030300000003030300C7
:10CE500000000303030000000000000000000000C9
:10CE600000000000000000000000000000000000C2
:10CE700000000000000000000000000000000000B2
:10CE80000000000000000007020CF00222223E21F8
:10CE900021010005F5565C56F50520FF601000895C
:10CEA0000A782C5A290914D4B29200094949FF4939
:10CEB00049C909017E410000000000000000F8F8A7
:10CEC000F8F8F8F8F8F8F8F8F8F8F8F8F8F8F8F8E2
:10CED000F8F8F8F8F8F80000000000000000000082
:10CEE0000000000000000000000000000000000042
:10CEF0000000000000000000000000000000000032
:10CF0000000000000000000509010F0101010101FE
:10CF100001010004050F050F0504010F01010001C7
:10CF200005050F050500010C020100020202020EB8
:10CF300003020200040800000000000000000000DE
:10CF400000000000000000000000000000000000E1
:10CF500000000000000000000000000000000000D1
:10CF600000000009FA8CF88CFA0920FF111000FE6D
:10CF70000101F00C020904FE808000000000FEFCAC
:10CF8000FCF8F0F060600000213A24E43A2101202E
:10CF9000FF11100000000000000000000000000071
:10CFA000000000000000000000000000000002027D
:10CFB0007E4242CE42427E020200026254485462E5
:10CFC0004208FC0000000E0418E00444447C424285
:10CFD00002000AEAACB8ACEA0A40FEC02000000039
:10CFE000000000000006050C0201010F010100070E
:10CFF000040407040401010F0000000000000703FF
:10D0000003010000000000000302060A0203000101
:10D010000F010100000000000000000000000000FF
:10D020000000000000000000000000000000011DE2
:10D0300015151D171D15151D010001011E10101ECF
:10D040000100091101000A12021F0202020202027B
:10D050000200080B1E0A1E0B08021F02020000003D
:10D0600000000000000000000000000000000000C0
:10D0700000000000000000000000000000000000B0
:10D0800000000000000000000000000000000000A0
:10D090000000000000000000000000000000000090
:10D0A0000000000000000000000000000000000080
:10D0B0000000000000000000000000000000000070
:10D0C0000000000000000000000000000000000060
:10D0D0000000000000000000000000000000000050
:10D0E0000000000000000000000000000000000040
:10D0F0000000000000000000000000000000000030
:10D10000000000000000000000000000000000001F
:10D11000000000000000000000000000000000000F
:10D1200000000000000000000000000000000000FF
:10D1300000000000000000000000000000000000EF
:10D1400000000000000000000000000000000000DF
:10D1500000000000000000000000000000000000CF
:10D1600000000000000000000000000000000000BF
:10D17000000000000000000000000000807C0404AB
:10D180000000F048240000FC88888888FC002010FB
:10D19000080000FC888888FC00EC10A8440080800F
:10D1A00080FC808080E09884800000000000000007
:10D1B000808080FCFCFC0000000000000084E890FF
:10D1C00090E8840480FC444000000000000000005F
:10D1D000000000000000000000000000000000004F
:10D1E000000000000000000000000000000000003F
:10D1F00000000000000000000000080B0A0A1A2AC4
:10D200000A080F02040003060202320A060208118D
:10D210000200030602320A0600073C070400001061
:10D22000101F1010101F1010000000000000001848
:10D230001919191F1F1F000000000000000C08181A
:10D240002B080C00043F0404000000000000000054
:10D2500000000000000000000000000000000000CE
:10D2600000000000000000000000000000000000BE
:10D270000000000000000000000010A040A010000E
:10D28000D0A0A0D0900000402020A090505050503E
:10D290000000001090909090F01020C0201000101E
:10D2A00010A040A0101040E000000000000000F0BE
:10D2B000E0E0C08080000000000000000010A040FE
:10D2C00040A0101000F0100000000000000000005E
:10D2D000000000000000000000000000000000004E
:10D2E000000000000000000000000000000000003E
:10D2F00000000000000000000000101F10F708529E
:10D3000014FE19541200092A6C292C2A3AA96D2AF4
:10D31000090000342424242467A42425243400088C
:10D320000BF28282F30A004F880000000000003FE9
:10D330001F1F0F07070303000000000000322362D5
:10D34000AE23320012FF11110000000000000000A7
:10D3500000000000000000000000000000000000CD
:10D3600000000000000000000000000000000000BD
:10D3700000000000000000000000000000000000AD
:10D38000000000000000000000000000000000009D
:10D39000000000000000000000000000000000008D
:10D3A000000000000000000000000000000000007D
:10D3B000000000000000000000000000000000006D
:10D3C000000000000000000000000000000000005D
:10D3D000000000000000000000000000000000004D
:10D3E000000000000000000000000000000000003D
:10D3F000000000000000000000000000000000002D
:10D40000000000000000000000000000000000001C
:10D41000000000000000000000000000000000000C
:10D4200000000000000000000000000000000000FC
:10D4300000000000000000000000000000000000EC
:10D4400000000000000000000000000000000000DC
:10D4500000000000000000000000000000000000CC
:10D4600000000000000000000000000000000000BC
:10D4700000000000000000000000000000000000AC
:10D48000000000000000000000000000000000009C
:10D49000000000000000000000000000000000008C
:10D4A000000000000000000000000000000000007C
:10D4B000000000000000000000000000000000006C
:10D4C000000000000000000000000000000000005C
:10D4D000000000000000000000000000000000004C
:10D4E000000000000000000000000000000000003C
:10D4F000000000000000000000000000000000002C
:10D50000000000000000000000000000000000001B
:10D51000000000000000000000000000000000000B
:10D5200000000000000000000000000000000000FB
:10D5300000000000000000000000000000000000EB
:10D5400000000000000000000000000000000000DB
:10D5500000000000000000000000000000000000CB
:10D5600000000000000000000000000000000000BB
:10D5700000000000000000000000000000000000AB
:10D58000000000000000000000000000000000009B
:10D59000000000000000000000000000000000008B
:10D5A000000000000000000000000000000000007B
:10D5B000000000000000000000000000000000006B
:10D5C000000000000000000000000000000000005B
:10D5D000000000000000000000000000000000004B
:10D5E00000000000000101FF81810000FC83018335
:10D5F0007E00030300000101FF818100030300009E
:10D60000262529190000FC8301837E0000FC83018C
:10D61000837E0000EE11111182000008080800004E
:10D62000FC8301837E0000FC8301837E0000FC8379
:10D6300001837E00000101FF818100001A29292B4E
:10D640001E002020103F00001F292915070021215E
:10D6500021331E0000C03806010E7080000000005B
:10D6600000000000000000010100000000010101B5
:10D6700000000000000000000101000000000000A8
:10D680000000000000000001010100000000010195
:10D690000100000000010101000000000000000086
:10D6A0000001010100000000010101000000000173
:10D6B0000101000000000001010000000000000066
:10D6C000000000000000000000000000000000005A
:10D6D0000000000001000000000000010000000048
:10D6E000000000000000000000000000000000003A
:10D6F000000000000000000000000000000000002A
:10D700000000000000000000000000C0C000000099
:10D71000000000000000C0C000000000000080C049
:10D72000C0000000000000000000000000C0C000B9
:10D73000000000C0C0C0000000000000C0C0000029
:10D7400000000000000000000000000000000000D9
:10D7500000000000000000000000000000000000C9
:10D7600000000000000000000000000000000000B9
:10D7700000000000000000000000000000000000A9
:10D780000000000000000000000000FFFF0000009B
:10D7900000000080F83F03033FF88080E0FC1F0397
:10D7A000073FF8800000E0F03018181818FFFF005D
:10D7B000000000FFFF01071C70E08000FFFF000079
:10D7C0000000000000000000000000000000000059
:10D7D0000000000000000000000000000000000049
:10D7E0000000000000000000000000000000000039
:10D7F0000000000000000000000000000000000029
:10D80000000000000000000C0C0C0C0F0F0C0C0CA6
:10D810000C000C0F0300000000030F0F07000000B6
:10D820000000030F0C0003070E0C0C0C0C0F0F0074
:10D830000000000F0F0000000001070E0F0F000096
:10D8400000000000000000000000000000000000D8
:10D8500000000000000000000000000000000000C8
:10D8600000000000000000000000000000000000B8
:10D8700000000000000000000000000000000000A8
:10D880000000000000000000000000000000000098
:10D890000000000000000000000000000000000088
:10D8A0000000000000000000000000000000000078
:10D8B0000000000000000000000000000000000068
:10D8C0000000000000000000000000000000000058
:10D8D0000000000000000000000000000000000048
:10D8E0000000000000000000000000000000000038
:10D8F0000000000000000000000000000000000028
:10D900000000000000000000000000000000000017
:10D910000000000000000000000000000000000007
:10D9200000000000000000000000000000000000F7
:10D9300000000000000000000000000000000000E7
:10D9400000000000000000000000000000000000D7
:10D9500000000000000000000000000000000000C7
:10D96000000000000000000000000103070F1F3F3F
:10D970007F7F3F1F0F070301000000000000000031
:10D980000000000000000000000000000000000097
:10D990000000000000000000000000000000000087
:10D9A0000000000000000000000000000000000077
:10D9B0000000000000000000000000000000000067
:10D9C0000000000000000000000000000000000057
:10D9D0000000000000000000000000000000000047
:10D9E00000000103070F1F3F7FFFFFFFF7F9F8FC5F
:10D9F000FCFCF8F1E9DAB56AD52B170F0F07030124
:10DA000000000000000000030707030000000103FE
:10DA100007060606070301000707010307060400BF
:10DA200000000606070707060600010307060606AC
:10DA300007030100000707060607070300000707A2
:10DA4000060607070300000003070607030000009F
:10DA500007070103070604000000000000000000A3
:10DA60000000E0F0F8FCFEFFFFFFFFF7EFCF0F1F15
:10DA70001F00039F1F9F3FBFFFFFFFFEFCF8F0E06A
:10DA800000000000181878F8D8D8F8781818E0F0D6
:10DA9000F8181818F8F0E000F8F8C0E0F078180866
:10DAA00000000000F8F8F8000000E0F0F81818187E
:10DAB000F8F0E00000F8F8C0C0C0C0800000F8F83E
:10DAC000D8D8D8F8F0001878F8A020A0F878180076
:10DAD000F8F8C0E0F078180800000000000000002E
:10DAE000000000000000000080C0E0F0F8FCFEFF35
:10DAF000FFFFFFFEFCF8F0E0C08000000000000027
:10DB00000000000000000000000000000000000015
:10DB10000000000000000000000000000000000005
:10DB200000000000000000000000000000000000F5
:10DB300000000000000000000000000000000000E5
:10DB400000000000000000000000000000000000D5
:10DB500000000000000000000000000000000000C5
:10DB600000000000000000000000000000000000B5
:10DB700000000000000000000000000000000000A5
:10DB80000000000000000000000000000000000095
:10DB90000000000000000000000000000000000085
:10DBA0000000000000000000000000000000000075
:10DBB0000000000000000000000000000000000065
:10DBC0000000000000000000000000000000000055
:10DBD0000000000000000000000000000000000045
:10DBE0000000000000000000000000000000000035
:10DBF0000000000000000000000000000000000025
:10DC00000000000000000000000000000000000014
:10DC10000000000000000000000000000000000004
:10DC200000000000000000000000000000000000F4
:10DC300000000000000000000000000000000000E4
:10DC400000000000000000000000000000000000D4
:10DC5000000000000000000000000000000000FFC5
:10DC600001010101010101010101010101010101A4
:10DC70000101010101010101010101010101010194
:10DC80000109F9F9090109F9F90901010909F9F984
:10DC9000090901010101010101010101010D9FD3E8
:10DCA0005353FFAD0109F9F9190909F9F10101010E
:10DCB0000909F9F9090901010101010109F9F90944
:10DCC0000101010101010101010101010101010144
:10DCD0000101010101010101010101010101FFFF38
:10DCE0000000000000000000000000000000000034
:10DCF0000000000000000000000000000000000024
:10DD000000000103028283830302000020203F3FC2
:10DD100020200000000000000000000000020303BB
:10DD200002020301000003030200000303020000DB
:10DD300000003F3F202000001E3F2121213F3F20C7
:10DD400000000000000000000000000000000000D3
:10DD50000000000000000000000000000000FFFFC5
:10DD600000000000000000000000000000000000B3
:10DD700000000000000000000000000000000000A3
:10DD80000000F0F0F07070717372767E7C7C7070C1
:10DD90007070F0F0F0707070707070707070707003
:10DDA000707070707070707070707070707070F0F3
:10DDB000F0F0F070707070787C7C767673F3F1F030
:10DDC0000000000000000000000000000000000053
:10DDD0000000000000000000000000000000FFFF45
:10DDE0000000000000000000000000000000000033
:10DDF0000000000000000000000000FCFCFC1C1CF7
:10DE00001C1CFFFFFF0000000000000000000000DD
:10DE10000000000001030302000C1C101070F0F061
:10DE2000C0C0C0F0700000100C0C00000203030121
:10DE3000010000000000000000000000007F7F7F64
:10DE400000000000000000000000000000000000D2
:10DE50000000000000000000000000000000FFFFC4
:10DE600000000000000000000000000000000000B2
:10DE700000000000000000000000003F3F3F3C3C6D
:10DE80003C3CFFFFFF00000000000000000000809D
:10DE900080404040203018180C0C0602020001019E
:10DEA00001000101000204040C181830202040C0B9
:10DEB00080000000000000000000000000FCFCFCEE
:10DEC0000000000000000000000000000000000052
:10DED0000000000000000000000000000000FFFF44
:10DEE0000000000000000000000000000000000032
:10DEF0000000000000000000000000000000000022
:10DF000000000F0F2F2E3E1E1E0E0E0E0E0E0E0EBA
:10DF10000E0E0E0E0E0E0E0E0E0E0E0E0E0E0E0E21
:10DF20000E0E0E0E0E0E0E0E0E0E0E0E0E0E0E0E11
:10DF30000F0F0F0E0E0E0E0E1E3E2E0E0E0F0F0F9B
:10DF400000000000000000000000000000000000D1
:10DF50000000000000000000000000000000FFFFC3
:10DF600000000000000000000000000000000000B1
:10DF700000000000000000000000000000000000A1
:10DF80000000000000000000000000000000000091
:10DF90000000000000000000000000000000000081
:10DFA0000000000000000000000000007EFE82FE75
:10DFB000FE82FEFE8200C0C082C2FEFE8282027E1F
:10DFC000FEA2A2B2DE4C0000000202FEFE0202002F
:10DFD000020E7EF2A0E2FE1E020000000000FFFF23
:10DFE0008080808080808080808080808080808031
:10DFF0008080808080808080808080808080808021
:10E000008080808080808080808080808080808010
:10E010008080808080808080808080808080808000
:10E0200080808080808080808080808080808080F0
:10E0300080808080808080808080808080808080E0
:10E0400080808080808080808080808F8F888880A2
:10E05000808080838F8F8180808080808080FF009F
:10E0600000000000000000000000000000000000B0
:10E0700000000000000000000000000000000000A0
:10E080000000000000000000000000000000000090
:10E090000000000000000000000000000000000080
:10E0A0000000000000000000000000000000000070
:10E0B0000000000000000000000000000000000060
:10E0C0000000000000000000000000000000000050
:10E0D0000000000000000000000000000000000040
:10E0E0000000000000000000000000000000000030
:10E0F00000000000000101090905050303010101F9
:10E1000001010101010101010101010101010101FF
:10E1100001010101010101010101010101010101EF
:10E1200001010101010101010101010101010101DF
:10E1300001010101010101010101010101010101CF
:10E1400001030305050909010100000000000000AA
:10E1500000000000000000000000000000000000BF
:10E1600000000000000000000000000000000000AF
:10E170000000000000FFFF80808080808080808021
:10E1800080C0C0A0A0909088888484828281818091
:10E19000808080808080808080808080808080807F
:10E1A000808080808080808080808080808080816E
:10E1B000818282848488889090A0A0C0C080808062
:10E1C00080808080808080FFFF01010101010101CA
:10E1D000000000000000000000000000000000003F
:10E1E000000000000000000000000000000000002F
:10E1F000000000000080800000000000000000001F
:10E20000000000000000000000000000000000808E
:10E21000804040202010100808040402020101017F
:10E2200001020204040808101020204040808000F1
:10E2300000000000000000000000000000000000DE
:10E2400000000000000000FFFF8080808080FFFF52
:10E2500000000000000000000000000000000000BE
:10E2600000000000000000000000000000000000AE
:10E2700000000000007F7F000000000000000000A0
:10E28000000000000000000000000000000000018D
:10E290000102020404080810102020404080808001
:10E2A00080404020201010080804040202010100F0
:10E2B000000000000000000000000000000000005E
:10E2C00000000000000000FFFF6060606060E0E0B0
:10E2D000000000000000000000000000000000003E
:10E2E000000000000000000000000000000000002E
:10E2F0000000000000E0E0606060606060606060FE
:10E3000060606060606060606060606060E0E0600D
:10E3100060606060606060606060606060606060FD
:10E32000606060606060606060606060606060E06D
:10E33000E06060606060606060606060606060605D
:10E3400060606060606060E0E0000000000000006D
:10E3500000000000000000000000000000000000BD
:10E3600000000000000000000000000000000000AD
:10E37000000000000000000000000000000000009D
:10E380000000000000003F0202023F00000F1212D6
:10E390000E000010101F10100000000000101212DC
:10E3A0000D00001112120F00001F12120C00000CC1
:10E3B00013121F0000001F101F0000001112120F87
:10E3C000000000000000000000000000000000004D
:10E3D000000000000000000000000000000000003D
:10E3E000000000000000000000000000000000002D
:10E3F000000000000000000000000000000000001D
:10E40000000000000000E0000000E00000C020204C
:10E410004000000000E0000000000000002020207C
:10E42000C00000C02020C00000E00000000000206C
:10E43000C000E00000E0808080E00000C02020C03C
:10E4400000000000000000000000000000000000CC
:10E4500000000000000000000000000000000000BC
:10E460000080C0E0F0781808081838F0F0E080006C
:10E470000000F8FFFFFF0300000000000001FFFFA5
:10E48000FFFC0000073F7FFFF88000000000C0F0A5
:10E49000FFFF3F0700000000000101030302020329
:10E4A0000301010000000000000008080818F8F847
:10E4B000F8F808080808000000000000000000004C
:10E4C000FFFFFFFF00000000000000000000000050
:10E4D0000000FFFFFFFF8080808000000000000040
:10E4E0000000000003030101000000000000000024
:10E4F00000F8F8781818181818181898D8F8781814
:10E50000000000010180C0E070381C0E070301000C
:10E5100000000000007EFFFFFF8100000000009C63
:10E52000FCFC7C0000000000010103030302020266
:10E53000030101000000000000C0E0F0F0381808FE
:10E54000080818F8F0F0E0800000001F3F7F7FE02F
:10E55000C080808080030303030000000000FCFEF5
:10E56000FFC70101000000F8F8F878000000000083
:10E570000001010303020202030301000000000086
:10E5800000080808F8F8F80808080800000000006B
:10E59000000002020202FFFFFF02020202C2E27A50
:10E5A0003E0C000000000000FFFFFFF0781E0F038C
:10E5B0000100000000000000000003030301000050
:10E5C000000000000000000000C0E0F0F038180873
:10E5D00008081898F0F0E0800000007FFFFFE1805D
:10E5E0000000000000C3C3C3C3010000000000011D
:10E5F0000303030202020301FFFF01000000000306
:10E6000003030303030303030303030300000000E6
:10E6100000C0E0F078180808081838F0F0E0C000F2
:10E6200000001FFFFFFFC0000000000080C0FFFFD0
:10E63000FFFE00000000E1E1E3E30202020381F1DA
:10E64000FF7F1F0700000000010103030202030314
:10E65000010100000000000000000000000000F8C0
:10E66000F8F8F83000000000000000000000000092
:10E67000E0FFFF3F07000000000000000000C0F0C6
:10E680007C3F0F0300000080C0F0F010000000038A
:10E690000303030303030303030303030300000053
:10E6A00000C0E0F0381808080808183870F0E0C01A
:10E6B0000000030F1F3FFCF0E0E0C0C0C0E07C3F63
:10E6C0001F0F0000007CFEFFC30100000101038753
:10E6D000FFFFFE30000000000001030302020202FF
:10E6E0000303010100000000000080E0F0F0381892
:10E6F000080838F8F8F060000000E0FEFFFFFF6057
:10E70000303010103070F0E0C0800000073FFFFF95
:10E71000F180000000000080FFFFFF3F00000000CC
:10E7200000010103030202020303010100000000D3
:10E7300080E0F8F81C0C040C1CF8F8F0C00000FF96
:10E74000FFFF81000000000080FFFFFF00000107C5
:10E750000F0F1C1810181C0F0F07010000000404F5
:10E76000040CFCFCFC040404000000000000000099
:10E7700000FFFFFF0000000000000000000000009C
:10E780001F1F0F04040400000000707C3C1C0C0CD4
:10E790000C8CCCEC7C3C1C000080E0F0F83C0E07BC
:10E7A0000301C0C0C080000003070F1F1810101025
:10E7B000181F0F07030000C0F0F8F80C0C04040445
:10E7C0007C78787000000187CFEFFC3810101000C3
:10E7D000000000000000070F0F1F181010101F0F7F
:10E7E0000F02000004040CFCFCFC0C0404000000FC
:10E7F000000000010101FFFFFF0181E1F13D0F0772
:10E8000001000000003F3F3F0F0701000000000033
:10E8100000C0F0F8FC1C0C040404FCF8F8E0000054
:10E82000070F1F3F302020203098FCF80000000028
:10E8300018181818181818181F1F1F000000E0F0EB
:10E84000F87C0C04040C1C7CF8F0C00000071F1FAF
:10E850003E30202030309CFFFFFF0000000E1E1EC7
:10E860001E1010181C0F070300000000000000001D
:10E8700000FCFCFC18000000000000000080F07F9D
:10E880003F0F01000000000000101C1E1F19181887
:10E8900018181C1E1F070000E0F0F81C0C040404EC
:10E8A0000C0CF8F8F0000081C3E77F3E1C183838E4
:10E8B0007CEFE783000003070F1E18101010181CD0
:10E8C0000F0F03000000C0F0F8380C0C040C3C3CA7
:10E8D00038000000FFFFFFBF0E060202060EFEFC1E
:10E8E000F8000001070F0F18101010181E0F0F036B
:10E8F0000000C000C000C00003040704070000407F
:10E90000C0400000000027040040C00040C040009C
:10E91000030404070440C00000C040203F04043F3B
:10E920002020505050E000040605050200C0404081
:10E9300040C040000000203F2000000040C04000D8
:10E940001824243F20000040C040000030203F2019
:10E9500030000000400000000000080000F804043F
:10E9600004F80001020202010000000040C0400063
:10E97000302E243F20000000C00000203807013E58
:10E980002040C040408000000305050200004040D8
:10E99000408000000305050300004040C0404000E7
:10E9A00000003F202040C00040C040040407013F59
:10E9B00020000040C040000000002704000080400C
:10E9C0004080000003040403000040408000000079
:10E9D00000041F04000000C000C000000601070181
:10E9E0000640C04040800000070400070400F00813
:10E9F000040408F0000007081010080700000004D5
:10EA000004FC040400000000001F080800000C843F
:10EA10004424140C00000E111010100E0000708819
:10EA20000404041800000C121111100C000024FC46
:10EA3000242420E00000001F080403000000708868
:10EA400004048498000010101111101F0000708839
:10EA5000040488F0000000181111080700000000ED
:10EA600000FC00000000101C1310101C00003844B3
:10EA70008484443800000E111010110E0000F0883C
:10EA800044448C0000000708101008070000FC0236
:10EA90000202FC000001010100000002FE820000F1
:10EAA000000001000000C222120AC600000101019C
:10EAB0000000DC22220284000001010100000AFEA5
:10EAC000886810000001000000001C222222E400DF
:10EAD0000101010101001CA22222FC000001010130
:10EAE000000000C03E008000010101010100DC22A5
:10EAF0002222DC00000101010000FC121216E000DD
:10EB00000001010100F0F0202020FFFF202020F074
:10EB1000F000000000000000001E1E02FEFC0000CD
:10EB2000F8FEC7C1FFFFC0E020000000000000C0E9
:10EB3000C0A0A0A0BEBFA3A2A0C0C0FFFF00000F46
:10EB40000F080808FFFF0808080F0F00000000006A
:10EB50000000000000007F7F40407F7F0809FFFF2A
:10EB60000B080800000000000000202E2E2A6AEA90
:10EB7000AA2E2E20E0FF1F0701FEFF9BF2F098F85F
:10EB8000F098FFFF80FE7E2020000000020282F24B
:10EB90007E0E027AFA8202FFFF00808000000001F0
:10EBA00081E3F69C7CE6C3FFFF0080FE7E202024EC
:10EBB00024F4F7272427F7F424243171460E0800A3
:10EBC000000000080B0B0868E8880909E8FF1F0728
:10EBD0000100000000202727243D7FE3B83F2721C4
:10EBE0003171460E08000101F5F55555FFFF5555E9
:10EBF000F5F5010100000000000F0FF9F9111111E6
:10EC0000FFFE101010F8F800000000001F1F0E7D1E
:10EC1000F3820406FFFF00FFFF00800404047D7DF3
:10EC20005555555555557D7D0404040000000000E0
:10EC3000001F1F111111FFFF1111111F1F000000F4
:10EC400000000141C1C17F7F21213F3FE0FF1F073D
:10EC5000010F0F0EFCF0000000000000000000009B
:10EC600000000000000000000000000000000000A4
:10EC700000000000000000FEFFABAAFEFEA8A8FFF7
:10EC8000FFF89CFE7E20200020202B2B2A2A2A2AF7
:10EC90002A2AEAF23A0C04000000000000000000FA
:10ECA000000000000000000000000000007A7A4A26
:10ECB0004A4B4B4A4A4A7F7F0131734704000000A8
:10ECC00000485464D4547C54D46454480000FCA8D4
:10ECD000A8A8FC4010F008080080FC484848FC80C8
:10ECE00048F8047C00001CD45454545454FC0000D4
:10ECF000000000000000001815151F1535151F1520
:10ED0000151800120A060A3F0A02043F0404000014
:10ED10001815123508041E13121E0016141D153581
:10ED20000D151D15340E000000000404FC84849CA5
:10ED30008484FC04040004C4A890A8C48410F800CF
:10ED400000000494A484FC84848404F8041C083027
:10ED5000C8101008F800FC000000023A2A2A3A2FD6
:10ED60003A2A2A3A020002023C20203C02001322E6
:10ED700002001010101017101010101F0022222275
:10ED80003F2222221F001F0201000404FC84849CF5
:10ED90008484FC04040004C4A890A8C48410F8006F
:10EDA000000000F8040404008060100804000494CB
:10EDB000A484FC84848404F80400023A2A2A3A2FAA
:10EDC0003A2A2A3A020002023C20203C0200132286
:10EDD00002000007040404043F04040404001010AB
:10EDE000101017101010101F00000000807C040489
:10EDF0000000F048240000FC88888888FC0020106F
:10EE000008000080808080FC00000084E89090E88A
:10EE1000840480FC44400000080B0A0A1A2A0A08ED
:10EE20000F02040003060202320A06020811020061
:10EE300000080808080F0000000C08182B080C0038
:10EE4000043F04040000000000E0404040FC40405B
:10EE500040E0000000000000FC0404000000FC0092
:10EE6000800000000034642424A4642408F0080412
:10EE700000000000000000070404043F040404072D
:10EE800000000000021213121212022413090400DF
:10EE900000000002121213121202001322020000DC
:10EEA000000000000000E0E0E0000000E0E0E00022
:10EEB0000000E0E0E0000000E0E0E0000000000012
:10EEC0000000000000070707000000070707000018
:10EED0000007070700000007070700000000000008
:10EEE0000000808080808080808080808080808022
:10EEF0008080808080808080808000000000000012
:10EF00000F0F0F0F0F0F0F0F0F0F0F0F0F0F0F0F11
:10EF10000F0F0F0F0F0F0F0F000000000000F8F889
:10EF200018F8F818F8F818F8F818F8F818F8F84079
:10EF3000C000000000000F0F0C0F0F0C0F0F0C0F84
:10EF40000F0C0F0F0C0F0F01010000000000F8F86C
:10EF500018F8F818F8F818F8F818181818F8F84009
:10EF6000C000000000000F0F0C0F0F0C0F0F0C0F54
:10EF70000F0C0C0C0C0F0F01010000000000F8F842
:10EF800018F8F818F8F818181818181818F8F84099
:10EF9000C000000000000F0F0C0F0F0C0F0F0C0C27
:10EFA0000C0C0C0C0C0F0F01010000000000F8F815
:10EFB00018F8F818181818181818181818F8F84029
:10EFC000C000000000000F0F0C0F0F0C0C0C0C0CFD
:10EFD0000C0C0C0C0C0F0F01010000000000F8F8E5
:10EFE00018181818181818181818181818F8F840B9
:10EFF000C000000000000F0F0C0C0C0C0C0C0C0CD3
:10F000000C0C0C0C0C0F0F01010000F09090FE0294
:10F01000020202020202020202020202FEFEFEFEE0
:10F0200000000000070404040404040404040404AD
:10F0300004040707070700000000FCFCF8F8F0F0E4
:10F04000E0E0E0C0C0C0800000003F3F1F1F0F0F86
:10F0500007070703030101000000000080C06030C3
:10F06000180C040C18306030180C06030100000066
:10F07000000000000000000C3CEE8C1C3C6ECF8FAA
:10F08000CF6C3C18CCFE1C0000C1673C1814F3F197
:10F09000161C1C27C3800000001919191919191E04
:10F0A00019191919141419191919191414141414F3
:10F0B0000F0F0F0F0F0F93A1B2A0ADAEB2A8B2B653
:10F0C00020A4A0B2ABA5ADA8A50085ACAAAEB1B2F4
:10F0D000BC20A7A0AFAEABADA5ADA000FE02020262
:10F0E0007A6A0202FE011F21414141211F0193B2B0
:10F0F000A5B7AAA020A2AEA7A4B3B5A00091A8A3CB
:10F10000ADA0AB20A7A0B1AEB0A000ACACC1B0B276
:10F11000C1B1B2C1F878783838181808000000007A
:10F1200000000000000000000000000000001C3F84
:10F130003F1C0000000000B0B0000000007078002C
:10F14000007870000000000000000000041F1F0491
:10F150001F1F040040F0F040F0F040001C3E22E28F
:10F16000E2331900C060203838E0C0000C0C000108
:10F1700003060C003060C08000303000011B3E27C9
:10F180003D1B0200E0F01010E0F010000008787065
:10F1900000000000000000000000000000000F1F41
:10F1A000302000000000C0E03010000000002030DF
:10F1B0001F0F000000001030E0C000000105070331
:10F1C000030705010040C08080C040000001010726
:10F1D00007010100000000C0C000000000000000A6
:10F1E000000000000000087870000000010101012B
:10F1F000010101000000000000000000000000000C
:10F20000000000000000003030000000000000019D
:10F2100003060C003060C080000000001F3F202368
:10F22000243F1F00E0F0901010F0E0000008183FAD
:10F230003F000000001010F0F010100010302123EB
:10F24000263C180070F09010103030001030222250
:10F25000223F1D002030101010F0E00003070D19B0
:10F260003F3F010000000010F0F010003E3E22225F
:10F27000232321002030101010F0E0000F1F322255
:10F2800022030100E0F0101010F0E00030302021E7
:10F29000233E3C000000F0F0000000001D3F222251
:10F2A000223F1D00E0F0101010F0E0001C3E222272
:10F2B000223F1F000010101030E0C0000000000CC2
:10F2C0000C00000000000060600000000000000C66
:10F2D0000C00000000001070600000000001030638
:10F2E0000C181000000080C0603010000202020202
:10F2F0000202020040404040404040000010180C14
:10F300000603010000103060C08000001838202380
:10F31000273C1800000000B0B00000000F1F1013C1
:10F32000131F0F00E0F010D0D0D08000070F19316C
:10F33000190F0700F0F0000000F0F000203F3F221E
:10F34000223F1D0010F0F01010F0E0000F1F3020E1
:10F3500020301800C0E0301010306000203F3F2007
:10F36000301F0F0010F0F01030E0C000203F3F22AF
:10F370002730380010F0F01010307000203F3F228E
:10F380002730380010F0F010000000000F1F30216F
:10F3900021311900C0E0301010E0F0003F3F0202C0
:10F3A000023F3F00F0F0000000F0F0000000203FBE
:10F3B0003F200000000010F0F010000000000020CE
:10F3C0003F3F2000E0F01010F0E00000203F3F033E
:10F3D0000F3C300010F0F00080F07000203F3F2024
:10F3E0000000000010F0F010103070003F3F1C0EC5
:10F3F0001C3F3F00F0F0000000F0F0003F3F1C0E0B
:10F40000073F3F00F0F0000000F0F0000F1F302039
:10F41000301F0F00C0E0301030E0C000203F3F221E
:10F42000223E1C0010F0F010000000001F3F2020C2
:10F43000203F1F00E0F010703CFCE400203F3F2222
:10F44000233F1C0010F0F00000F0F000183C2622D2
:10F45000233918006070101010F0E0000038303FC1
:10F460003F303800000010F0F01000003F3F000077
:10F47000003F3F00E0F0101010F0E0003F3F0000C0
:10F48000003F3F0080C0603060C080003F3F00010F
:10F49000003F3F00C0F070C070F0C000303C0F0370
:10F4A0000F3C300030F0C000C0F03000003C3E03A4
:10F4B000033E3C00000010F0F01000003830212323
:10F4C000263C380070F090101030700000003F3F74
:10F4D000202000000000F0F0101000001C0E0703B8
:10F4E0000100000000000080C0E07000000020204B
:10F4F0003F3F000000001010F0F00000103060C02E
:10F50000603010000000000000000000000000005B
:10F510000000000004040404040404040000C0E02B
:10F5200020000000000000000000000000050505AC
:10F5300007030000E0F01010E0F01000203F3F044F
:10F540000603010010F0E01010F0E00003070404CF
:10F5500004060200E0F01010103020000103062421
:10F560003F3F0000E0F01010E0F010000307050539
:10F5700005070300E0F0101010302000021F3F22AA
:10F580003018000010F0F010000000000307040421
:10F5900003070400E4F61212FEFC0000203F3F02C5
:10F5A0000407030010F0F00000F0F0000000043742
:10F5B00037000000000010F0F01000000000000014
:10F5C00004373700000C0E0202FEFC00203F3F0112
:10F5D0000306040010F0F080C07030000000203FEF
:10F5E0003F000000000010F0F010000007070603C5
:10F5F00006070300F0F000F000F0F0000407030439
:10F600000407030000F0F00000F0F000030704041A
:10F6100004070300E0F0101010F0E00004070304FA
:10F620000407030002FEFE1210F0E00003070404CA
:10F6300003070400E0F01012FEFE020004070306B8
:10F640000406030010F0F01000000000020705049B
:10F650000406020020309090D070200004041F3F68
:10F66000040400000000E0F0103020000707000054
:10F6700007070000E0F01010E0F01000000707009E
:10F680000007070000C0E03030E0C00007070000BE
:10F6900000070700E0F030E030F0E000040603016E
:10F6A000030604001030E0C0E0301000070700003F
:10F6B00000070700E2F2121216FCF8000606040525
:10F6C000070604003070D090103030000002021F96
:10F6D0003D202000000000E0F0101000203F3F22FD
:10F6E000223F1D0010F0F01010F0E0000020203D3F
:10F6F0001F020200001010F0E00000001030203067
:10F700001030200000000000000000000103060C83
:10F7100006030100E0E0202020E0E00000030C0CE4
:10F720000300000038E02020E03800000F0808083F
:10F7300000000000F8888870000000000F0808072B
:10F7400000000000F8888888700000000F08080892
:10F7500000000000F80000000000000000000F089A
:10F760000F0000000E788808F80E00000F08080847
:10F7700008000000F8888888080000000C03000FCB
:10F7800000030C08304080F8804030080408080767
:10F790000000000010888870000000000F000001C9
:10F7A000060F0000F830C00000F800000F402021D4
:10F7B000460F0000F830C00000F800000F00030CF6
:10F7C00008000000F880403008000000000F080822
:10F7D0000F00000008F00000F80000000F0E01000C
:10F7E000010E0F00F800C030C000F8000F0000004C
:10F7F0000F000000F8808080F80000000304080873
:10F8000008040300E01008080810E0000F080808CA
:10F810000F000000F8000000F80000000F080808C2
:10F8200007000000F8808080000000000304080842
:10F8300008000000E01008080800000008080F0891
:10F84000080000000000F800000000000C030003A6
:10F850000C00000008887080000000000306040F00
:10F8600004060300E03010F81030E0000601030E3B
:10F870000800000030C0C030080000000F00000089
:10F880000F000000F8080808F80E00000F00000044
:10F890000F00000080404040F80000000F00000F03
:10F8A00000000F00F80808F80808F8000F00000F23
:10F8B00000000F00F80808F80808F80E08080F0004
:10F8C000000000000000F888887000000F000000B1
:10F8D0000F000000F8888870F80000000F0000009A
:10F8E00000000000F8888870000000000408080884
:10F8F000040300001088888890E000000F000106D3
:10F9000008080403F880E030080810E00007080841
:10F910000F0000000830C080F80000000002020361
:10F9200000000000304848F800000000070A1211EB
:10F9300000000000F00808F00000000003020201CF
:10F9400000000000F84848B0000000000302020276
:10F9500000000000F80000000000000000030203A7
:10F96000000000000EF808F80E000000010202017D
:10F9700000000000F04848D000000000020300032F
:10F980000003020008B040F840B008000202030083
:10F99000000000000848B800000000000300000359
:10F9A00000000000F830C0F8000000000318081B39
:10F9B00000000000F830C0F800000000030003025F
:10F9C00000000000F840B00800000000000302033F
:10F9D0000000000008F000F8000000000301000132
:10F9E00003000000F8806080F800000003000003BE
:10F9F00000000000F84040F8000000000102020191
:10FA000000000000F00808F00000000003020203FC
:10FA100000000000F80000F80000000003020201EE
:10FA200000000000FF0808F00000000001020202D0
:10FA300002000000F00808080800000002020302AB
:10FA4000020000000000F8000000000003000000B9
:10FA50000300000000E31CE0000000000102021FA0
:10FA600002020100F00808FF0808F000030003008C
:10FA70000000000018E01800000000000300000370
:10FA800000000000F80808F80E0000000300000362
:10FA900000000000E02020F8000000000300030048
:10FAA00003000000F808F808F80000000300030055
:10FAB00003000000F808F808F80E00000203000038
:10FAC0000000000000F848300000000003000003C0
:10FAD00000000000F84830F80000000003000000BB
:10FAE00000000000F8484830000000000202010059
:10FAF000000000004848F000000000000300010280
:10FB000002010000F840F00808F0000001020203C2
:10FB100000000000887040F800000000203F3F22F5
:10FB2000223F1D0010F0F01010F0E0000000000077
:10FB3000000000000030300000000000030000035F
:10FB400000000000F830C0F80000000003030000CF
:10FB5000000000001818000000000000000202036E
:10FB600000000000304848F800000000107090804D
:10FB70009070100000071807000000E0101010F04F
:10FB800010000D1212121F10002010101020C000C3
:10FB90001C101010080700C0201010F010000708FB
:10FBA00010101F100030901010F0100018131111D9
:10FBB0001F100000800010F01008101311111F100A
:10FBC00080E090101020C0001C101010080710F0EA
:10FBD000100010F010101F1101111F10001010F074
:10FBE0001010000010101F101000000000F8040496
:10FBF0000C0010101F1010001030D00010F010106A
:10FC0000181403111F100030101010F01000000025
:10FC100000101F1010F000F000F010101F1E011E49
:10FC20001F1000F0608010F010101F10031C1F1038
:10FC300000C020101020C0000708101008070000A6
:10FC4000000010F010000E1111111F1000C83850E4
:10FC50005020C0000708101008071030C00010F036
:10FC600010000C1213121F1000E0101010300000D2
:10FC7000181111120C00000010F0100000181010E4
:10FC80001F10101800E0101010E000101F100010DE
:10FC90001F100000C030C00000101C1300131C1007
:10FCA0000080F000F08000101F001F001F101030B7
:10FCB000D000D0301010181601161810000010F0E7
:10FCC0001000001018160116181000301010907057
:10FCD0001000101C1211100810F09090502000001D
:10FCE00001020202010000E0101010F00000010209
:10FCF00002021F100020101010E000000302020298
:10FD0000010010F0101010E000001F1202020100AC
:10FD100000A0909090E000000102020201000000AB
:10FD20001010F01000001812120F02020008945474
:10FD300054B8000002030202010010F0100010F09D
:10FD40001000010202011F10001010F0101000003E
:10FD50000000130202000000F80404040000001375
:10FD600002020000001030C050F010000203020038
:10FD70001F10001010F01010000000001F101000E5
:10FD800010F000F000F0100001020302030210F076
:10FD9000100010F0100001020201030200E0101038
:10FDA00010E0000001020202010000E0101014FC4B
:10FDB000040001020202030204FC141010E000001F
:10FDC00003020202010000001010F01010000202F5
:10FDD0000103020200205090903000000302020252
:10FDE0000100001010E00000000002020F020200FB
:10FDF00010F0101010E000000302000003020000E9
:10FE0000E010E000000203020002030200C030C064
:10FE100030C00002030003000302001030C0D030E5
:10FE200010000203020003020000C030CC040402F0
:10FE3000030200020302003010D030100000020361
:10FE400002020300C020202020202020202020208B
:10FE5000202020208BA5B7A5ADA8A5008BA5B7A510
:10FE6000ADA8A520829B8A8B008DA8A7AAA8A9204F
:10FE7000A7A0B0BFA4008BA5B7A5ADA8A520828A76
:10FE80008B0081A5A7A4A5A9B1B2A2A8A5008FA5A2
:10FE9000B0A5ACA5ADADBBA9008FAEB1B2AEBFAD44
:10FEA000ADBBA9008DA0B1B2B0AEA9AAA800A7A011
:10FEB000AFAEABADA5ADA0008DC1A4A0A2ABC1C338
:10FEC0000082C1A4A0A2ABC1C3008DC1A4A0A2ABFB
:10FED000C1C30082C1A4A0A2ABC1C30084A0A2ABD5
:10FEE000A5ADA8A5008BA5B7A5ADA8A500A2AEA7F6
:10FEF000A4B3B5C40085ACAAAEB1B2BC00A7A0B192
:10FF0000AEB0A00091A8A3ADA0AB0093B2A5B7AAD4
:10FF1000A00082B0A5ACBF0082BBA1AEB00090A58E
:10FF2000A6C2AC00ACA8AD00207C20202020202060
:10FF3000205468657261707900426C6F636B616711
:10FF4000652020416C61726D0043616E6973746558
:10FF5000722046756C6C005468657261707920205F
:10FF60004F666600496E7465726D697474656E746F
:10FF7000004261747465727920204C6F77004C6583
:10FF8000616B2020416C61726D0054686572617014
:10FF90007920204F6E00485020536574203A202D60
:10FFA000004C5020536574203A202D00436F6E742E
:10FFB000696E756F75730048502054696D65203AFD
:10FFC000004C502054696D65203A0050756D7020CA
:10FFD00049646C6500507265737375726500536592
:10FFE0007474696E677300537769746368004D6F4A
:08FFF0006465006D696E0000FC
:08FFF800A1F4DAFEF7F8FFF1B5
:00000001FF
